"",,,Preço com
TÍTULO ISBN,,Preço de capa,desconto
ABC do dromedário (O) 8535612025,,"32,50","16,25"
Abraço do Antônio (O) 9788535617061,,"10,00","5,00"
Abraço do Antônio (O)  com braile 9788535641394,,"21,90","10,95"
Acampamento da vovó 9788535635751,,"24,50","12,25"
Agridoce nostalgia 9788535629378,,"18,00","9,00"
Aladim e a lâmpada maravilhosa e outras histórias 9788535601107,,"37,90","18,95"
Alzheimer  A história da doença e a vida do médico que a descobri9u7 88535635362,,"27,50","13,75"
Amendoim 9788535633467,,"17,80","8,90"
Amigos do mar 9788535630190,,"17,80","8,90"
Amor de índio 9788535630763,,"15,00","7,50"
Amores em África 9788535632279,,"49,50","24,75"
Amores em carnavais: mistério dos papangus 9788535630534,,"23,00","11,50"
Ao pé das fogueiras acesas 9788535634204,,"33,90","16,95"
Apanhando a lua... 9788535606461,,"25,00","12,50"
Aposta (A) 9788535625912,,"18,00","9,00"
Aquarela 9788535640700,,"23,00","11,50"
Arca de Haicais 9788535633108,,"18,40","9,20"
Arquiteto das casas de sonhos (O) 9788535634945,,"18,40","9,20"
"Assim, sim! 9788535631197",,"16,50","8,25"
Atirei o pau no gato 9788535632521,,"10,00","5,00"
Atraso (O) 9788535634211,,"11,20","5,60"
"Aumentei, mas não menti 9788535641097",,"35,80","17,90"
Aventuras de El Cid campeador (As) 9788535622409,,"35,00","17,50"
"Aventuras de Torty, a tartaruga (As) 9788535630374",,"24,90","12,45"
Awyatópót 9788535628401,,"31,40","15,70"
Badulaques e traquitanas 9788535641059,,"16,30","8,15"
Barco do João (O) 9788535619027,,"10,00","5,00"
Batuques e limeriques 9788535614923,,"21,50","10,75"
Beleléu 9788535631005,,"21,50","10,75"
Beleléu e as cores 9788535631708,,"21,50","10,75"
Beleléu e as formas 9788535628012,,"24,90","12,45"
Beleléu e as palavras 9788535637007,,"23,50","11,75"
Beleléu e os números 9788535631784,,"24,90","12,45"
Belizbel 9788535636833,,"29,20","14,60"
Benedito 9788535639223,,"15,00","7,50"
Benquerer bem amar  com braile 9788535625585,,"28,50","14,25"
Bichinho de estimação 9788535642759,,"30,20","15,10"
Bichinhos do zoológico,9788535623697,"10,00","5,00"
Bicho legal,8535608818,"16,30","8,15"
Bicho Poesia,9788535637489,"20,70","10,35"
"Bicho, pra que te quero",9788535637700,"26,20","13,10"
"Bico calado, assunto encerrado!",9788535637717,"27,50","13,75"
Boca mágica (A),9788535625615,"17,80","8,90"
"Boi, a vaca e o bolo (O)",9788535631180,"16,30","8,15"
Borbofante,9788535636987,"32,30","16,15"
Borboleta bela e a rosa amarela (A),9788535601992,"15,00","7,50"
Brincando adivinhas,9788535610529,"21,50","10,75"
Brinconto,9788535633900,"30,00","15,00"
Bruxa apaixonada e o lobo fujão (A),9788535613209,"27,20","13,60"
Bruxa mais velha do mundo (A)  com braile,9788535637618,"31,40","15,70"
"Bullying, não quero ir pra escola!",9788535634327,"18,00","9,00"
Buraco de minhoca,9788535623932,"18,40","9,20"
Cabe ...,9788535642483,"34,50","17,25"
Cachinhos de prata,9788535642803,"29,90","14,95"
Cada galho com seu macaco,9788535636857,"33,00","16,50"
Cadê (2o. edição em novo formato),9788535645200,"21,50","10,75"
Cadê a monstrinha? com braile,9788535630381,"31,40","15,70"
Caligrafia de dona Sofia (A),9788535629927,"42,50","21,25"
Cantigas da Charalina,8573116188,"8,80","4,40"
Cantorias de jardim,9788535633511,"25,80","12,90"
Carrossel do tempo (O),9788535621099,"25,30","12,65"
Cartas a povos distantes,9788535639094,"43,00","21,50"
Casa (A),9788535632231,"15,00","7,50"
Casa do coelho (A),9788535636420,"16,30","8,15"
Caso do Vaso (O),9788535628890,"13,50","6,75"
Casos do detetive Bolotinha (Os),9788535630473,"22,10","11,05"
Cavalinho de pau,9788535627701,"12,80","6,40"
Cesta de dona Maricota (A),9788535630480,"18,00","9,00"
Chapeuzinho Vermelho (O),9788535635553,"21,90","10,95"
Chapeuzinho Vermelho (O)  com braile,9788535616613,"20,00","10,00"
Ciça,9788535630367,"22,50","11,25"
Ciça e a rainha,9788535632262,"23,80","11,90"
Coelho e a Onça (O),9788535626520,"22,10","11,05"
Coisa de irmão,9788535630756,"10,00","5,00"
Coisas boas do ano (As),9788535638967,"18,00","9,00"
Coisas de mãe,9788535627398,"35,00","17,50"
Coisas horríveis no escuro do quarto,9788535627084,"17,80","8,90"
Colecionador de chuvas (O),9788535645088,"37,90","18,95"
Colecionador de pedras (O),9788535638431,"26,50","13,25"
Com quem estamos?,9788535603828,"26,20","13,10"
Comedor de nuvens (O),9788535624755,"24,50","12,25"
Comunicação e boas maneiras para crianças,9788535626544,"16,30","8,15"
Confidências de um jacaré,9788535632439,"11,00","5,50"
Construção (A),9788535637441,"21,50","10,75"
Continhos suspirados com poesia para depois das cinco,9788535627664,"26,20","13,10"
Contos africanos para crianças brasileiras,9788535642414,"29,20","14,60"
Contos da lua e da beleza perdida,9788535636291,"28,80","14,40"
Cordel das lendas bovinas,9788535604832,"27,00","13,50"
Cozinha da MariaFarinha (A),9788535630916,"29,50","14,75"
Cozinheiras de livros (As),9788535637106,"42,50","21,25"
Cozinheiro atrapalhado (O),9788535628043,"37,30","18,65"
Cravo brigou com a rosa (O),9788535632217,"10,00","5,00"
Criança genial,9788535637021,"20,70","10,35"
Curumim poranga,9788535641295,"34,50","17,25"
Da cuca lelé aos repolhinhosdebruxelas,9788535630268,"26,50","13,25"
Da Vinci das crianças,9788535624915,"51,80","25,90"
Dança down,9788535643367,"25,00","12,50"
De alfaias a zabumbas,9788535619140,"20,90","10,45"
Descoberta da Joaninha (A),9788535621150,"17,20","8,60"
Dez sacizinhos,9788535645859,"33,00","16,50"
Dicionário engraçado,9788535632255,"25,00","12,50"
"Ding, a gotinha",9788535627596,"12,50","6,25"
"Ding, a grande aventura",9788573114102,"11,00","5,50"
"Do fim ao começo falando sobre perdas, luto e morte",8535608591,"10,00","5,00"
Do tamanho certinho,978535630671,"10,00","5,00"
Doce de cada um (O),9788535632156,"13,80","6,90"
Dois amigos (Os),9788535634143,"16,30","8,15"
Dois amigos (Os)  com braile,9788535631029,"25,50","12,75"
Dom Quixote,9788535639322,"45,00","22,50"
Donana e Titonho,9788535643954,"32,50","16,25"
Dorina viu  com braile,9788535634228,"32,50","16,25"
Drácula  Bram Stoker,9788535639056,"45,00","22,50"
Édipo Rei  Sófocles,9788535636710,"42,50","21,25"
Em asas de borboleta... em bolhas de sabão,9788535634723,"32,30","16,15"
"Em nome da mãe, em nome do pai",9788535633153,"22,80","11,40"
"Enfim, atleta!",9788535640939,"28,50","14,25"
Enquanto João Garrancho dorme  com braile,9788535637311,"33,90","16,95"
Enquanto seu lobo não vem,9788535632699,"10,00","5,00"
Era uma vez duas casas,9788535640984,"25,90","12,95"
Era uma vez...,9788535630794,"23,50","11,75"
Espantamoscas (O),9786558080787,"32,50","16,25"
Esquisita aranha Rita (A),9788535635294,"16,30","8,15"
Estratégias criativas de aprendizagem,9788535639209,"12,00","6,00"
Eu sou o galo,9788535639551,"24,90","12,45"
Eva,9788535629743,"46,80","23,40"
Falando com as estrelas,9788535627473,"25,50","12,75"
Felipe e Farrapo,9788535624335,"10,00","5,00"
Festa do Pijama,9788535635744,"24,50","12,25"
Firirim finfim  com braile,9788535620719,"36,30","18,15"
Flauta poderosa,9788535626483,"13,20","6,60"
"Formigarra, Cigamiga",9788535634938,"27,50","13,75"
Fortuna,9788535634235,"22,50","11,25"
Frans Krajcberg: a obra que não queremos ver,9788535634754,"53,70","26,85"
Frutapão,9788535636659,"22,10","11,05"
Fusquinha corderosa (O),9788535636352,"22,50","11,25"
Galinho apressado (O),9788535629873,"16,00","8,00"
Garoto da cadeira de rodas voadora (O),9788535632354,"14,30","7,15"
Gatinho fofoqueiro (O),9788535643169,"21,50","10,75"
Gato de botas e outras histórias (O),9788535601114,"37,30","18,65"
Gato Pirado (O),9788535629279,"13,80","6,90"
"Gláucio, o caracol enrolado",8535602259,"16,30","8,15"
Gosto de poesia,9786558080893,"35,80","17,90"
Grande esmeralda (A),9788535603705,"42,50","21,25"
Grande problema da vaca Letícia (O),9788535629583,"17,20","8,60"
Grande rabanete (O),9788535645972,"25,30","12,65"
História de canto e encanto,9788535626476,"13,20","6,60"
História de feiura,9788535626490,"13,20","6,60"
História de gato,9788535624656,"13,20","6,60"
História de lobo,9788535623253,"13,20","6,60"
História de terror,9788535632200,"13,20","6,60"
História de um nome,9788535633634,"13,20","6,60"
História de uma ervilha,9788535638783,"13,20","6,60"
História molhada,9788535639025,"13,20","6,60"
História que ficou na memória,9788535635638,"10,00","5,00"
História sonolenta,9788535626506,"13,20","6,60"
Histórias aumentadas (conforme são contadas...),9788535632613,"28,00","14,00"
Histórias da África,9788535604870,"51,80","25,90"
Histórias de além mar,9788535634457,"24,70","12,35"
Histórias do avô,9788535623420,"30,00","15,00"
Histórias do Brasil,8535611126,"12,50","6,25"
Histórias sopradas em vento,9788535644487,"49,50","24,75"
Hora de brincar,9788535635195,"24,50","12,25"
Hora de dormir,9788535635737,"24,50","12,25"
Improváveis amigos,9788535635508,"17,80","8,90"
"Inácio, o rato sortudo",9788535629019,"17,80","8,90"
Inútil a árvore,9788535619447,"13,20","6,60"
"Ipaty, o curumim da selva",9788535627008,"25,00","12,50"
Jogo das palavras mágicas (O),9788535633788,"26,20","13,10"
"Joselito, o elefante que estudava",9788535629965,"18,10","9,05"
"Jubonaldo, o Leão",9788535630992,"18,00","9,00"
Julgamento do cachorro (O),9788535637755,"22,10","11,05"
Karingana wa Karingana,9788535629989,"21,20","10,60"
Kisomserá?,9788535633924,"34,50","17,25"
Lagarta que tinha medo de voar (A),9788535635157,"25,30","12,65"
Lazarilho das crianças,9788535629330,"45,00","22,50"
Lenda do teatro de sombras (A),9788535645606,"36,80","18,40"
Lendas brasileiras  Centrooeste e Sul,9788535610147,"40,00","20,00"
"Lendas brasileiras  Norte, Nordeste e Sudeste",8535606564,"40,00","20,00"
Lendas do Japão,9788535629309,"31,40","15,70"
Letras sapecas  cada letra no seu lugar!,9788535625363,"23,00","11,50"
Lino,9788535643640,"31,90","15,95"
Livro (O),9788535614114,"22,50","11,25"
Livro das Origens (O),9788535629828,"45,00","22,50"
Livro de Laura (O),9788535634990,"19,50","9,75"
Lua no céu e ela na terra (A),9788535624700,"20,00","10,00"
Lua noite e dia,9788535645132,"38,50","19,25"
Lugares de Maria (Os),9788535627411,"40,00","20,00"
Lygia Clark linhas vivas,9788535635133,"53,70","26,85"
Mafuá dos magafamágicos,9788535618907,"27,50","13,75"
Mágicas palavras,9788535612820,"33,90","16,95"
Mago maluco (O),9788535623277,"16,30","8,15"
Mahâbhârata,9788535626513,"35,00","17,50"
Manias,9788535637526,"18,10","9,05"
"Maria, a incorrigível",9788535637465,"13,50","6,75"
Maroca e Deolindo,9788535628845,"53,70","26,85"
Matasete (O),9788535636307,"13,20","6,60"
Medo do escuro,9788535620917,"13,20","6,60"
Menina que contava (A),9788535636208,"35,00","17,50"
Menino e o plátano (O),9788535636345,"22,10","11,05"
Menino que descobriu Brasília (O),9788535634914,"19,20","9,60"
Menino que não mascava chiclê (O),9788535625837,"20,00","10,00"
"Menino que tinha medo, mas muito medo (O)",9788535644432,"35,80","17,90"
Menino que via com as mãos (O)  braile,9788535630206,"22,50","11,25"
Mentiras caipiras,9788535625578,"23,00","11,50"
Mergulho do Rei (O),9788535630077,"20,00","10,00"
Mestre Vitalino,9788535636666,"16,80","8,40"
"Meu dentinho, seu dentão",9788535628739,"11,90","5,95"
Michillo poeta da natureza,9788535629286,"26,50","13,25"
Minhoca dorminhoca (A),9788535619461,"21,50","10,75"
Minhoca dorminhoca em apuros (A),9788535639162,"26,50","13,25"
Mira Schendel: atravessura,9788535634280,"45,00","22,50"
Mistério da mamãe (O),9788535619010,"10,00","5,00"
Misteriosa caixa do contador de histórias (A),9788535638325,"12,00","6,00"
Mitos e lendas do folclore do Brasil,9788535634075,"29,00","14,50"
Mundo começa na cabeça (O),9788535627558,"24,90","12,45"
Mundo pra que te quero,9788535626971,"37,30","18,65"
Muro (O),9788535637649,"18,40","9,20"
Músicos de Bremen (Os),9788535645989,"22,80","11,40"
"Não às drogas, sim à paz!",9788535612462,"10,00","5,00"
Naquele ano,9788535643343,"21,90","10,95"
Natal de Fred (O),9788535622089,"11,50","5,75"
Natal de Nkem (O),9788535637571,"22,10","11,05"
Ninguém nasce genial,9788535630961,"12,60","6,30"
No mundo do faz de conta,9788535630350,"40,00","20,00"
Novelas exemplares de Miguel de Cervantes,9788535634488,"30,50","15,25"
Novos casos do detetive bolotinha,9788535639575,"24,90","12,45"
Num mundo perfeito,9788535630145,"20,70","10,35"
Numa fração de segundos,9788535644173,"25,80","12,90"
Olho e o lugar (O) - Regina Silveira,9788535623505,"51,80","25,90"
Olhos de estrelas e outros contos para jovens,9788535622478,"20,00","10,00"
Olhos para ver o que Deus faz,9788535630503,"14,80","7,40"
"Onde existe amor, Deus aí está",9788535639186,"32,50","16,25"
Outros contos africanos para crianças brasileiras,9788535629866,"23,00","11,50"
Ouvindo as conchas do mar,9788535635515,"25,90","12,95"
Pacífico o gato,9788535629910,"16,00","8,00"
Pacote que tava no pote (O),9788535612134,"17,80","8,90"
Palavras,9786558080534,"28,50","14,25"
Palavras mágicas e boas maneiras,9788535645668,"18,50","9,25"
Papagaio gaiato (O),9788535640717,"28,80","14,40"
Páscoa no galinheiro,9788535637144,"23,50","11,75"
Passa passará,9788535646115,"31,90","15,95"
Patinho Feio,9788535644630,"24,50","12,25"
Pedra do conhecimento (A),9788535626469,"33,90","16,95"
Pedro da praia,9788535635843,"10,00","5,00"
Pela manhã parte o trem,9788535625196,"21,50","10,75"
Pequeno dicionário poéticohumorístico ilustrado,9788535638714,"54,90","27,45"
Pequeno príncipe (O),9788535642087,"39,90","19,95"
Pequeno príncipe (O)  simples,9788535643411,"12,00","6,00"
Piabinha do rio das Velhas (A),9788535631722,"29,00","14,50"
Picolé de mangarosa,8535616969,"13,20","6,60"
Pipa e o menino (A),9788535605013,"17,40","8,70"
Poemas de céu,9788535644265,"23,50","11,75"
Poemas do tempo,9788535635607,"23,80","11,90"
Poesia dos pés à cabeça,9788535634716,"42,50","21,25"
Policarpo Quaresma das crianças,9788535626551,"53,70","26,85"
Pretinha de Neve e os sete gigantes,9788535634402,"25,00","12,50"
Princesa pum d`amor (A),9788535646290,"36,00","18,00"
Qual a palavra?,9788535629972,"21,90","10,95"
Quando chove a cântaros / Cuando llueve a cántaros,9788535629903,"15,30","7,65"
Quando chove e faz sol,9788535634525,"12,00","6,00"
Quando eu digo digo digo,9788535610512,"27,50","13,75"
"Quando um não quer, dois não brigam",9788535637380,"20,50","10,25"
Quanto segredo!,9788535635836,"35,00","17,50"
Quarteto musical,9788535633627,"13,20","6,60"
Quatro amigos,9788535631715,"16,00","8,00"
Quatro patinhas no muro  com braile,9788535644470,"39,50","19,75"
Que alegria!,97885356263339,"35,00","17,50"
Que é preciso para voar? (O),9788535645965,"29,90","14,95"
Que eu quero (O),9788535631654,"15,00","7,50"
Que será que a bruxa está lavando? (O)  com braile,9788535641165,"29,00","14,50"
"Quem ouvir e contar, pedra há de se tornar",9788535634440,"12,80","6,40"
Quem pegou o pão da casa do João?,9788535645644,"23,50","11,75"
Quem você trouxe?,9788535645279,"31,80","15,90"
Quicão,9788535645101,"26,50","13,25"
Quintal de São Francisco (O),9788535612585,"32,30","16,15"
Rainha e o vento (A),9788535605792,"15,50","7,75"
Raposa (A),9788535630510,"8,00","4,00"
Reconto que passa,9788535641936,"46,30","23,15"
Reino das borboletas brancas (O),9788535635263,"12,80","6,40"
Reizinho comilão (O),9788535637120,"34,50","17,25"
Reizinhos de Congo (Os),9788535613193,"21,50","10,75"
Retratos narrados,9788535628005,"37,30","18,65"
Rimandinho,9788535628999,"21,50","10,75"
Roberto,9786558080527,"27,00","13,50"
Romeu e Julieta,9788535622850,"45,00","22,50"
Rosalva mãos de fada,9788535632330,"30,00","15,00"
Rua Luanda,9788535634648,"30,00","15,00"
Sabe como ele fala?,9788535638653,"25,30","12,65"
Sangue de barata,9788535632781,"19,50","9,75"
Sapatinho de cristal,9788535630084,"13,20","6,60"
Sapatos trocados,9788535637182,"26,20","13,10"
Sapo e o poço (O),9788535627459,"23,00","11,50"
Scherazade,9788535641240,"45,40","22,70"
Seca,9788535605662,"16,80","8,40"
Senhor do Tempo (O),9788535625721,"23,50","11,75"
Sertão,9788535641332,"39,90","19,95"
Seu lugar (O),9788535634150,"25,00","12,50"
Seu lugar (O)  com braile,9788535630732,"25,00","12,50"
Sítio do Tio Chico (O),9788535634396,"10,00","5,00"
Sonhos sorteados,9788535637199,"23,50","11,75"
"Sua majestade, o elefante",9788535617269,"25,80","12,90"
Tabuleiro da baiana,9788535638721,"29,90","14,95"
Tamanho não é documento,9788535621051,"15,00","7,50"
Telefone de latas (O),9788535631814,"23,00","11,50"
Tem obaoba no baobá,9788535641592,"30,20","15,10"
Tempo da vovó (O),9788535621709,"10,00","5,00"
Tempo perguntou pro tempo (O),8535610634,"24,80","12,40"
Tininha Cereja,9788535624533,"24,50","12,25"
Tombolo do lombo,9788535641325,"38,50","19,25"
"Trem chegou, trem já vai",9788535610369,"33,90","16,95"
Três contos africanos de adivinhação,9788535644258,"24,50","12,25"
Três porquinhos (Os)  4a. edição,9788535645798,"23,50","11,75"
Tudo vira outra história,9788535632378,"19,20","9,60"
Turma do utilixo,9788535630497,"21,50","10,75"
Ulomma: a casa da beleza e outros contos,9788535629880,"33,90","16,95"
Um anjo por amigo,9788535606966,"12,30","6,15"
Um irmãozinho especial,9788535645873,"16,80","8,40"
Um mundo melhor,9788535634419,"24,50","12,25"
Um reino todo quadrado,9788535638424,"26,20","13,10"
"Um, dois, bolinho de arroz",9788535632248,"21,20","10,60"
Uma carta para Deus (de um menino curioso),9788535634297,"25,00","12,50"
Uma história de bichos,9788535641363,"18,00","9,00"
Uma história sem pé nem cabeça,9788535617047,"25,80","12,90"
Uma joaninha diferente,9788535631609,"15,00","7,50"
Uma noite para João e outros poemas,9788535642926,"35,80","17,90"
Uma roupa muito especial,9788535624670,"13,20","6,60"
Uma traça sem graça,9788535637984,"22,10","11,05"
Uma trança dourada,9788535633641,"13,20","6,60"
"Uraguai, (O)",9788535628159,"28,00","14,00"
Vamos pintar e brincar?,9788535619515,"15,00","7,50"
Verdade e mentira,9788535633757,"21,50","10,75"
Viagem da sementinha (A),9788535634013,"18,00","9,00"
Viralata Filé (O),9788535612813,"38,50","19,25"
Você viu?,9788535634242,"26,50","13,25"
Volta do bicho poesia (A),9788535610390,"20,70","10,35"
Vovó,9788535617658,"25,90","12,95"
Vôvó,9788535638738,"29,50","14,75"
Vovó  com braile,9788535632569,"25,00","12,50"
XXII !!! 22 brincadeiras de linhas e letras,9788535610376,"14,80","7,40"
Yara  Iara,9788535634372,"48,00","24,00"
Zeca Catatrecos,9788535634860,"25,10","12,55"
Zeca Catatrecos e o mapa do tesouro,9788535630978,"21,50","10,75"
Amar,9786599414428,"28,50","14,25"
Caixa (A),9786599414435,"28,80","14,40"
Divino livro proibido (O),9786599414411,"21,50","10,75"
Livro das palavras grandes e dos desenhos pequenos (O),9786599414404,"29,20","14,60"
Contos de Hans Christian Andersen,9788535627251,"115,50","57,75"
"",9788535639377,"89,20","44,60"
Contos de fadas dos Irmãos Grimm,9786558080749,"127,50","63,75"
Chave e além da chave (A),9788535636789,"16,50","8,25"
Crônicas de Natal,9788535636093,"31,80","15,90"
Entre as sombras e a luz,9788535642148,"79,50","39,75"
Entre o véu e a minissaia,9788535638363,"22,50","11,25"
Estou estressada!,9788535633405,"26,20","13,10"
Meu irmão corre atrás dos dinossauros,9788535645521,"31,80","15,90"
Pétala (A),9788535636413,"28,50","14,25"
Só as magras e jovens são felizes,9788535634549,"19,50","9,75"
Uma única conta do Rosário,9788535644210,"31,40","15,70"
Amigos de Jesus (Os),9788535633702,"12,00","6,00"
Bate o sino pequenino,9788535630114,"28,50","14,25"
Clara de Assis,9788535636604,"12,00","6,00"
Coleção Parábolas (8 títulos),9788535628104,"51,80","25,90"
Era uma vez...um fio,9788535637809,"26,20","13,10"
Ester  A história bíblica em quadrinhos,9788535636581,"22,10","11,05"
Filho de Maria (O),9788535638660,"15,50","7,75"
Francisco  O caminho das flores,9788535642001,"23,80","11,90"
Francisco e os animais,9788535635010,"10,30","5,15"
História da ovelha desgarrada,9788535621174,"12,00","6,00"
História do Bom Samaritano (A),9788535622522,"12,00","6,00"
História do filho pródigo (A),9788535623543,"12,00","6,00"
História do Menino Jesus (A),9788535619737,"12,00","6,00"
História do Natal (A),9788535632118,"18,50","9,25"
Jonas  A história bíblica em quadrinhos,9788535636161,"20,90","10,45"
Jonas e o peixe muito grande,9788535642834,"12,50","6,25"
Jovens da Bíblia e suas incríveis histórias (Os),9788535606010,"30,50","15,25"
Mais belas orações (As),853560426X,"21,90","10,95"
Menina que cuidava dos pobres (A),9788535646108,"23,50","11,75"
Moisés: A história bíblica em quadrinhos,9788535640502,"22,10","11,05"
Naquela noite de Natal,9788535625653,"40,00","20,00"
Pai Nosso,9788535619959,"12,00","6,00"
Papa para pequenos e grandes (O),9788535636901,"28,40","14,20"
Parábola da moeda perdida (A),9788535629521,"7,50","3,75"
Parábola da ovelhinha perdida (A),9788535628722,"7,50","3,75"
Parábola do bom samaritano (A),9788535629149,"7,50","3,75"
Parábola do fariseu e do publicano (A),9788535630312,"7,50","3,75"
Parábola do filho pródigo (A),9788535629132,"7,50","3,75"
Parábola do grãozinho de mostarda (A),9788535629156,"7,50","3,75"
Parábola do semeador (A),9788535629125,"7,50","3,75"
Parábola dos talentos (A),9788535629590,"7,50","3,75"
Paulo: o amigo de Jesus Cristo,9788535642933,"21,50","10,75"
"Perdão, um presente maravilhoso (O)",9788535643398,"15,50","7,75"
Presépio (O),9788535633498,"35,00","17,50"
Salmos dos pequeninos,9788535623680,"15,00","7,50"
Terço rezado por crianças (O),9788535626834,"12,00","6,00"
Um passeio pela Lapinha,9788535628814,"15,00","7,50"
Vida de Jesus para crianças,9788535630329,"20,20","10,10"
Alegria de ser mestre (A),9788535619720,"42,50","21,25"
Antibullying,978.85.356.28050,"48,00","24,00"
Assédio na escola,9788535628838,"15,00","7,50"
Basta ler para ser leitor?,9788535644746,"28,50","14,25"
Brincadeiras e atividades recreativas,9788535633177,"18,90","9,45"
"Brinquedoteca jogos, brinquedos e brincadeiras",9788535635959,"28,00","14,00"
Bullying em debate,9788535637991,"26,20","13,10"
Caráter educativo do movimento indígena brasileiro (197019,0) (O9)7 88535633047,"26,20","13,10"
Cartas pedagógicas,9788535643176,"19,90","9,95"
Como os professores aprendem a ressignificar sua docência?,9788535628371,"31,40","15,70"
Conto de fadas (O),9788535631371,"37,30","18,65"
Criança e poesia na pedagogia Freinet,9788535601572,"16,90","8,45"
Crianças impedidas de pensar,9788535629606,"21,90","10,95"
Criar o hábito de ler,9788535638875,"43,80","21,90"
"Cultura, poder e educação de surdos",8535616764,"34,50","17,25"
Datas comemorativas: cívicas e históricas,9788535622294,"32,50","16,25"
Dinâmicas em literatura infantil,9788535632224,"10,00","5,00"
Dinâmicas para reunião de pais,9788535624793,"28,50","14,25"
"Dinâmicas, gincanas e jogos",9788535628425,"19,50","9,75"
Diversidade religiosa no mundo atual  8o ano (livro do aluno),9788535624854,"25,10","12,55"
Diversidade religiosa no mundo atual  8o ano (livro do profess,r)9788535624861,"25,00","12,50"
Duas faces inseparáveis da educação (As): coração e razão,9788535620504,"33,00","16,50"
Educação à luz da pedagogia de Jesus de Nazaré (A),8535617353,"29,30","14,65"
Educação Ambiental & Manoel de Barros (A),9788535630558,"27,50","13,75"
Educação e Religião,9788535636130,"26,20","13,10"
Educação em pauta,9786558080770,"23,50","11,75"
Educação inclusiva: práticas pedagógicas para uma escola se,exc9lu7s8õ8e5s3 5638042,"22,50","11,25"
Educação para a paz,9788535625462,"17,80","8,90"
Educação religiosa,9788535620962,"33,90","16,95"
Educação sonora e musical: oficina de sons,9788535630879,"18,90","9,45"
Educar em valores,9788535607178,"46,80","23,40"
Educar para a convivência na diversidade,9788535624625,"21,90","10,95"
Educar para humanizar,8535617604,"25,10","12,55"
Educar perguntando,9788535623130,"27,00","13,50"
"Enfeites, presentes e ideias para o dia das mães",9788535609486,"27,00","13,50"
Ensino religioso e formação docente,9788535618440,"27,00","13,50"
Ensino religioso: aspecto legal e curricular,9788535620986,"22,10","11,05"
Ensino religioso: construção de uma proposta,9788535612684,"21,50","10,75"
Eros e psique,9788535618969,"43,80","21,90"
Escola contemporânea (A),9788535633740,"25,00","12,50"
Ética: arte de viver  Vol IV,9788535605389,"26,50","13,25"
Ética: arte de viver  Vol. I,9788535638301,"26,50","13,25"
Ética: arte de viver  Vol. II,9788535640113,"26,50","13,25"
Etiqueta sustentável,9788535638004,"16,80","8,40"
Expressões do sagrado na humanidade  7o ano (livro do aluno,9788535604344,"25,10","12,55"
Expressões do sagrado na humanidade  7o ano (livro do profe,sor)9 788535624762,"25,00","12,50"
"Filosofia, ética e educação",9788535627633,"46,80","23,40"
Folias e Folguedos do Brasil  Inclui CD,9788535626049,"35,00","17,50"
Formação de professores,9788535629941,"16,00","8,00"
Fundamentalismos,9788535623659,"21,50","10,75"
Gestão escolar e docência,9788535637151,"24,50","12,25"
Herança quilombola maranhense: histórias e estórias,9788535633184,"27,50","13,75"
Inclusão na educação (A),9788535639711,"27,50","13,75"
Introdução à literatura para crianças e jovens,9788535625622,"37,30","18,65"
Jogando com os sons e brincando com a música  vol. I  Inclui C,9788535638592,"51,80","25,90"
Jogando com os sons e brincando com a música  vol. II  Inclui,D9788535611908,"51,80","25,90"
Jogando com os sons e brincando com a música  vol. III  acom,anh9a7 C8D8535638769,"55,70","27,85"
Laboratório de redação para séries iniciais do Ensino Fundam,ntal9 788535633474,"11,00","5,50"
Laboratório do jovem escritor: gêneros literários e narração,9788535626674,"20,50","10,25"
Leitura e escrita em práticas socioeducativas,9788535638387,"26,50","13,25"
Leitura prazer,9788573114331,"33,00","16,50"
Leituras em contraponto: novos jeitos de ler,9786558080572,"21,50","10,75"
Lembranças de menina: Momentos marcantes,9788535634808,"21,50","10,75"
Linguagem e ensino: realidades que se intercruzam,9788535632552,"31,80","15,90"
Literatura para crianças e jovens no Brasil de ontem e de hoje,(A) 9788535622638,"27,50","13,75"
Malungos na escola,9788535620290,"46,80","23,40"
Mestres que seguem o mestre,9788535638097,"16,50","8,25"
Música na escola  a contribuição do ensino da música,9788535623901,"26,20","13,10"
Na tessitura dos signos contemporâneos,9788535625219,"26,50","13,25"
Nós protegemos a vida  2o ano (livro do aluno),9788535608380,"22,10","11,05"
Nós protegemos a vida  2o ano (livro do professor),9788535609967,"25,10","12,55"
Nossa opção religiosa  9o ano (livro do aluno),9788535607994,"25,10","12,55"
Nossa opção religiosa  9o ano (livro do professor),9788535625479,"28,00","14,00"
Novos movimentos religiosos  o quadro brasileiro,8535617574,"18,40","9,20"
Oficinas de recreio,9788535611380,"31,40","15,70"
Olhar de descoberta,9788535610956,"20,00","10,00"
Origami em Educação e Arteterapia,9788535626612,"30,50","15,25"
Palavras mágicas,9788535601206,"13,80","6,90"
Paz e educação infantil,9788535639971,"22,10","11,05"
Pentecostais: origens e começo  III. Tradições religiosas vol. 3,85.356.1558X,"9,80","4,90"
Pesquisaensino,9788535626322,"43,80","21,90"
Pluralismo religioso: as religiões num mundo atual  IV. Temas,ont9e7m8p8.5 v3 51615593,"14,30","7,15"
Podemos entender sinais  3o ano (livro do aluno),9788535605129,"22,10","11,05"
Podemos entender sinais  3o ano (livro do professor)  Inclui C,9788535609774,"25,10","12,55"
Por quê?,9788535627503,"33,90","16,95"
Por uma educação de valor,9788535633689,"19,90","9,95"
Preconceito em foco (O),9788535621808,"28,50","14,25"
Professor carta para você,9788535609738,"15,70","7,85"
Psicologia da educação,9788535612257,"37,30","18,65"
Reflexões linguísticas,9788535638202,"25,80","12,90"
Relação escola e família,9788535637083,"32,30","16,15"
Religião e Ciência,9788535636994,"21,00","10,50"
Religião no mundo (A)  6o ano (livro do aluno),9788535607703,"25,10","12,55"
Religião no mundo (A)  6o ano (livro do professor),9788535624564,"25,00","12,50"
Sentido da vida e valores no contexto da educação,9788535639087,"15,00","7,50"
Ser professor e dirigir professores em tempos de mudança,9788535630855,"35,00","17,50"
Somos capazes de comunicar  4o ano (livro do aluno),9788535608717,"25,30","12,65"
Somos capazes de comunicar  4o ano (livro do professor)  Incl,i CD9 788535609981,"28,50","14,25"
Somos um povo em comunicação  5o ano (livro do aluno),9788535608076,"22,10","11,05"
Somos um povo em comunicação  5o ano (livro do professor),9788535609998,"24,00","12,00"
Synthomas de poesia na infância,9788535627534,"28,00","14,00"
Temas atuais para a formação de professores,9788535626865,"28,50","14,25"
Texto e sua interpretação (O),9788535645002,"21,90","10,95"
Um baú de símbolos na sala de aula,9788535635317,"15,50","7,75"
Uso de símbolos (O)  sugestões para a sala de aula,8535617523,"14,30","7,15"
Vivência e a invenção na palavra literária (A),9788535622201,"29,50","14,75"
Viver é muito bom  1o ano (livro do aluno),9788535609288,"20,90","10,45"
Viver é muito bom  1o ano (livro do professor)  Inclui CD,9788535609325,"24,00","12,00"
Ziraldo e o livro para crianças e jovens no Brasil,9788535632309,"41,00","20,50"
Adeus à insônia e... zzzzzzzzzz,9788535614251,"8,60","4,30"
Afasteos das drogas com jogos criativos,9788535619058,"8,60","4,30"
"Água, um direito humano",9788535640861,"31,40","15,70"
Amazônia,9788535646375,"35,80","17,90"
Amor e libertação,9788535643046,"16,80","8,40"
Amor em suas múltiplas formas,9788535634532,"17,20","8,60"
Amor sem limites,9788535641387,"9,50","4,75"
Aposentadoria,9788535624786,"35,60","17,80"
Aprendendo a viver,9788535629569,"15,30","7,65"
Arte de acompanhar (A),9786558080237,"49,50","24,75"
Arte de ser feliz (A),9788535644302,"23,90","11,95"
Atravessar as provações,9788535635874,"31,40","15,70"
Autismo,978.85.356.26087,"21,90","10,95"
Autismo infantil,9788535633443,"33,90","16,95"
Autismo: azul e de todas as cores,9788535643930,"25,30","12,65"
Autocontrole e liberdade,8573111321,"15,30","7,65"
Autoestima,9788535635096,"27,50","13,75"
Bemestar emocional (O),9788535633672,"8,00","4,00"
Bioética e pesquisa em seres humanos,9788535627954,"27,50","13,75"
Boas razões para deixar de fumar,9788535619409,"8,60","4,30"
Burnout,9788535645422,"25,80","12,90"
Cibercultura,9788535625059,"23,00","11,50"
Como cultivar a vida,8535606939,"8,00","4,00"
Como lidar com a raiva,9788535604665,"8,00","4,00"
Como lidar com o ciúme,978853564641,"8,00","4,00"
Como vencer a timidez,8535604758,"24,50","12,25"
Comunicação,9788535626957,"31,80","15,90"
Comunicação nas celebrações litúrgicas (A),9788535640069,"17,40","8,70"
Comunicação nos passos de João Paulo II (A),9788535631050,"20,00","10,00"
Comunicar a memória,9788535646320,"17,40","8,70"
Conectados no ciberespaço,9788535633733,"40,00","20,00"
"Confiança em Deus, fonte da paz (A)",9788535621952,"13,80","6,90"
Conhecerse: um desafio,9788535640021,"24,90","12,45"
Conversando a gente se entende,9788535631395,"26,20","13,10"
Coragem de ser responsável (A),9788535633085,"12,50","6,25"
Cultura midiática e igreja,9788535615241,"30,50","15,25"
Cura dos sentimentos em mim e no mundo,9788535642155,"25,90","12,95"
Deficiência intelectual e síndromes infantis,9788535645620,"45,40","22,70"
Desafios dos Sessenta Anos (Os),9788535636772,"35,60","17,80"
Desemprego,9788535640748,"15,00","7,50"
Desenvolvimento moral dos adolescentes (O),9788535644111,"32,50","16,25"
Digestão emocional,9788535609837,"21,50","10,75"
Direito humano à alimentação e sustentabilidade no sistema,lime9n7t8a8r 535642636,"51,80","25,90"
Direitos humanos e justiça ambiental: múltiplos olhares,9788535646085,"39,50","19,75"
Do jeito certo,9788535626940,"21,90","10,95"
Dom do perdão (O),9788535638172,"17,80","8,90"
"Drogas, crimes e prisões",9788535644890,"21,50","10,75"
E o verbo se fez rede,9788535643022,"54,90","27,45"
"É possível, é real",9788535645538,"19,90","9,95"
É simples ser feliz a arte da superação,9788535612721,"20,00","10,00"
Educomunicação  Construindo uma nova área de conhecimen,o9788535627466,"37,30","18,65"
Educomunicação para além do 2.0,9788535638165,"43,80","21,90"
Educomunicação: Comunicação e educação,9788535643268,"43,80","21,90"
Educomunicação: Formação pastoral na cultura digital,9788535641653,"35,80","17,90"
Educomunicação: Imagens do professor na mídia,9788535632194,"28,50","14,25"
"Educomunicação: o conceito, o profissional, a aplicação",9788535627527,"27,50","13,75"
"Educomunicação: Recepção midiática, aprendizagens e cidada",ia 9788535637588,"34,50","17,25"
Encanto e responsabilidade no cuidado da vida,9788535628456,"33,00","16,50"
Encontrarse consigo mesmo,9788535621327,"23,80","11,90"
Endereço de Deus (O),9788535638974,"14,80","7,40"
Envelhecer sem ficar velho,9788535626448,"16,80","8,40"
Era uma vez dentro de nós!,9788535641851,"42,50","21,25"
Espiritualidade consciência do corpo na comunicação,8535618163,"15,30","7,65"
Estou com medo!,9788535641080,"32,30","16,15"
"Eu nunca vi um anjo: curas, milagres, templos e hospitais",9788535642575,"31,80","15,90"
Fascinante poder de suas crenças (O),9788535644760,"14,80","7,40"
Filhos felizes,9788535644104,"25,50","12,75"
Gêneros radiofônicos,9788535611328,"26,20","13,10"
Gestão da comunicação  Projetos de intervenção,9788535624489,"25,00","12,50"
Gosto das pequenas vitórias (O),9788535631661,"12,50","6,25"
Graça de recomeçar (A),9788535645552,"21,50","10,75"
Humano na dinâmica da comunicação (O),9786558080695,"21,50","10,75"
Igreja e sociedade,9788535639353,"31,90","15,95"
Implacável poder de suas escolhas (O),9788535645897,"18,50","9,25"
Incrível poder da palavra (O),9788535635348,"12,50","6,25"
Jornal impresso da forma ao discurso,9788535637878,"14,30","7,15"
Jovens violentos,9788535605075,"31,80","15,90"
Juventude: protagonismo e religiosidade,9788535635706,"25,00","12,50"
Leitura e recontextualização,9788535625851,"22,10","11,05"
Liderar não é preciso,9788535633009,"23,50","11,75"
Linguagens e a palavra,9788535622362,"16,00","8,00"
Livres do medo,9788535640694,"14,80","7,40"
Mente suicida,9786558080794,"29,50","14,75"
Mídias digitais,9788535632026,"18,50","9,25"
Midiatização: um novo modo de ser e viver em sociedade,9788535642193,"39,00","19,50"
Mindfulness,9788535644197,"45,40","22,70"
Multimídia digital na escola,9788535636406,"41,00","20,50"
Mutações da cultura midiática,9788535623925,"20,00","10,00"
Não esqueça o melhor,9788535620238,"29,00","14,50"
Oratória: técnicas para falar em público,9788535633245,"15,30","7,65"
Pandemia do coronavirus (A),9788535646146,"35,60","17,80"
Papas da comunicação (Os),9788535645064,"35,60","17,80"
Paz de espírito ao seu alcance (A),9788535645231,"18,80","9,40"
Pensamento ecológico,8535616748,"19,50","9,75"
Poder da superação (O),9788535628609,"14,80","7,40"
Poder destruidor da crítica (O),9788535620658,"15,70","7,85"
Por que é tão difícil aprender?,9788535633580,"23,00","11,50"
Povos da floresta,9788535643534,"25,80","12,90"
Projeto de vida,9788535640946,"21,00","10,50"
Psicopata (O): um camaleão na sociedade atual,9788535643305,"35,60","17,80"
Publicidade a criatividade na teoria e na prática,9788535611489,"14,30","7,15"
Quando o medo vira doença,9788535628517,"21,90","10,95"
Rádio,9788535630633,"14,30","7,15"
Reencontrar a esperança,9788535643336,"18,90","9,45"
Renascer no luto,9788535637502,"19,50","9,75"
Resiliência em ambientes educativos (A),9788535639568,"32,50","16,25"
Respeito é bom e todo mundo gosta,9788535628418,"21,90","10,95"
Retardo mental,9788535621648,"23,80","11,90"
Saber esperar,9788535646078,"25,50","12,75"
Segredo da longevidade (O),9788535635454,"12,50","6,25"
Seja a mudança,9788535643794,"19,90","9,95"
Sentirse só,8535617833,"26,20","13,10"
Ser um entre bilhões,9788535632897,"34,50","17,25"
Serenamente sós e em paz,9788535625288,"8,00","4,00"
Siga o mapa da alegria e encontre o amor em sua vida,9788535624311,"7,80","3,90"
Sobre o prazer na vida,9788535629194,"24,50","12,25"
Somos realmente livres?,8573112115,"9,20","4,60"
Terapia das histórias (A),9788535628852,"16,50","8,25"
Tetos profissionais,9788535633603,"17,40","8,70"
Tive uma ideia!,9788535627091,"17,20","8,60"
Transtornos Bipolares,9788535636499,"34,50","17,25"
Tratando pesadelos póstrauma,9788535642131,"75,00","37,50"
Um novo jeito de vencer a depressão,9788535634891,"10,00","5,00"
Uma luz em meio às sombras,9788535609257,"32,30","16,15"
Vídeo da emoção à razão,9788535604825,"15,30","7,65"
Violência doméstica e familiar contra a mulher,9788535645439,"31,80","15,90"
Viver sem pressa,9788535638530,"12,50","6,25"
"Você acredita, o inconsciente realiza",9788535641400,"27,50","13,75"
Você pode sair desta crise,9788535615487,"8,60","4,30"
Voltar a viver... após a morte de um ente querido,9788535635393,"8,60","4,30"
Voz: expressão da vida  Inclui CD,8535615857,"20,00","10,00"
Web 2.0,9788535634747,"27,00","13,50"
Abrindo o jogo: Uma conversa direta sobre câncer de mama,9788535645880,"55,70","27,85"
Alcoolismo: como superar e manter a abstinência,9788535641899,"22,50","11,25"
Ansiedade: como controlar e superar,9788535643848,"16,80","8,40"
Câncer: uma montanharussa assustadora,9788535642216,"42,50","21,25"
Dependência química,9788535645095,"28,80","14,40"
Era uma vez um cabelo,9788535642629,"26,20","13,10"
Espiritualidade,9788535642063,"18,00","9,00"
Estresse,9788535628258,"10,00","5,00"
Farmácia da Natureza (A),9788535630428,"20,00","10,00"
Frutas e seus benefícios para a saúde e a beleza,9788535646368,"44,50","22,25"
Hipertensão,9788535639742,"13,00","6,50"
Menopausa,9788535641172,"21,90","10,95"
Meu filho se droga?,9788535604009,"13,80","6,90"
Obesidade,9788535641479,"25,00","12,50"
Obesidade e excesso de peso,9788535625790,"26,50","13,25"
Receita da boa saúde (A),9788535628227,"21,00","10,50"
Vegetais que geram e promovem a vida,9788535645910,"29,90","14,95"
Vigilantes da Saúde,8535603174,"13,50","6,75"
"1717: o povo, a imagem e a devoção",9788535644494,"25,50","12,75"
50 anos após o Concílio Vaticano II,9788535642674,"49,50","24,75"
50 anos 1971- 2021 - Mês da Bíblia,9786558080831,"25,80","12,90"
50 anos de Medellín,9788535643428,"45,40","22,70"
À escuta do outro  filosofia e revelação,8535611185,"33,00","16,50"
Alegria do amor: das sementes aos frutos,9788535642513,"15,00","7,50"
Amoris Laetitia em questão,9788535643787,"41,90","20,95"
Ao lado dos pobres,9788535636956,"45,00","22,50"
Árvore da vida e outros símbolos cristãos (A),9786558080459,"45,40","22,70"
Breve curso de Doutrina Social,9788535644159,"55,70","27,85"
Buscadores do diálogo,9788535632903,"18,40","9,20"
Caminhos da mística,9788535630749,"29,50","14,75"
"Casa comum, a espiritualidade, o amor (A)",9788535642872,"24,90","12,45"
Civilização da pobreza (A),9788535638394,"42,50","21,25"
Comunidade Cristã na História (A)  Vol. 1,9788535627015,"53,70","26,85"
Comunidade Cristã na História (A)  Vol. 2,9788535627022,"57,90","28,95"
Concílio Vaticano II,9788535637410,"32,50","16,25"
Concílio Vaticano II (O),9788535638448,"35,00","17,50"
Construção do diálogo (A),9788535644586,"28,50","14,25"
Crer num mundo de muitas crenças e pouca libertação  Vol 1,8535610138,"37,30","18,65"
Criação de Deus (A)  Vol 5,8535610065,"37,30","18,65"
Cristianismo e economia,9788535638332,"53,00","26,50"
Cristo e o universo,9788535644098,"35,60","17,80"
Cuidar da casa comum,9788535640731,"24,90","12,45"
Da terra ao céu,9788535642209,"35,00","17,50"
De volta ao mistério da iniquidade,9788535634181,"43,80","21,90"
Desafios éticos da globalização,8535601937,"31,80","15,90"
Deus que achamos ter achado (O)  Deus para cristãos que se i,terro8ga5m35 615814,"23,50","11,75"
Deus Trindade a vida no coração do mundo (A)  Vol 6,9788535610659,"37,30","18,65"
Deusamor: graça que habita em nós (A)  Vol 7,8535612173,"37,30","18,65"
Diálogo profético,9788535642230,"40,00","20,00"
Dimensão socioestrutural do Reinado de Deus (A),9788535627220,"33,00","16,50"
Direito eclesial instrumento da justiça do Reino  Vol 12,8535604731,"35,60","17,80"
Doutrina social,9788535644791,"14,80","7,40"
Doutrina social da Igreja e o cuidado com os mais frágeis (A),9788535644135,"79,50","39,75"
Ecumenismo e reforma,9788535642957,"69,80","34,90"
Eis tua mãe  Síntese de Mariologia,9788535642711,"15,00","7,50"
"Em Jesus, Deus abraça o sofrimento humano",9788535645705,"49,50","24,75"
Em que o Vaticano II mudou a Igreja,9788535640472,"14,30","7,15"
Encarnação (A),9788535633382,"28,50","14,25"
Encontro com Jesus Cristo vivo,9788535630800,"26,50","13,25"
Esperança além da esperança  Vol 4,853561107X,"37,30","18,65"
Esperança apesar do mal,9788535618891,"33,90","16,95"
Espírito de Deus na ação humana (O),9788535645781,"53,70","26,85"
Espírito do Senhor: força dos fracos (O),9788535645378,"35,60","17,80"
Espírito Santo,9788535643824,"10,50","5,25"
Espiritualidade cristã  Vol 14,9788535625387,"40,00","20,00"
Espiritualidade cristã na história,9788535619645,"66,00","33,00"
Espiritualidade do diálogo interreligioso,9788535641660,"49,50","24,75"
Esplendor da Mãe,9788535627916,"26,50","13,25"
Ética do cotidiano (A),9788535639285,"31,90","15,95"
Ética em diálogo,9788535632125,"20,00","10,00"
Ética teológica fundamental,9788535607048,"26,20","13,10"
Eu e Deus,9788535636864,"69,80","34,90"
Eu estarei sempre convosco  Vol 13,8535617809,"33,00","16,50"
"Evangelii Gaudium em questão: aspectos bíblicos, teológicos",pas9to7r8a8i5s 35638066,"23,50","11,75"
Evangelização e família,9788535638950,"25,00","12,50"
Fé Cristã e pensamento evolucionista,9788535630954,"43,80","21,90"
Felicidade se aprende a cada dia (A),9788535642650,"54,90","27,45"
Força do passado na fraqueza do presente (A),9788535645934,"35,60","17,80"
Francisco: Renasce a esperança,9788535635225,"25,30","12,65"
Futuro de Deus na missão da esperança (O),9788535637762,"54,90","27,45"
Gaudium et Spes em questão,9788535642360,"29,00","14,50"
História da palavra I (A)  Vol 2,8535610995,"37,30","18,65"
História da palavra II (A)  Vol 3,8535612165,"37,30","18,65"
"Homem, maravilha de Deus (O)",9786558080305,"55,70","27,85"
Igreja de Jesus (A),9786558080886,"23,50","11,75"
Igreja dos pobres,9788535643831,"10,50","5,25"
Igreja em diálogo,9788535644616,"14,80","7,40"
Igreja em saída e a casa comum (A),9788535640854,"26,50","13,25"
Igreja em transformação,9788535645453,"24,50","12,25"
Igreja que somos nós (A),9788535635898,"55,70","27,85"
Igreja sinodal,9788535643800,"12,00","6,00"
Imagem humana à semelhança de Deus,9788535626575,"30,50","15,25"
Introdução à teologia,9788535645750,"43,80","21,90"
Introdução às teologias das religiões,9788535623093,"66,00","33,00"
Jesus Cristo,9788535645026,"13,80","6,90"
Jesus Cristo: servo de Deus e Messias glorioso  Vol 8,9788535621853,"37,30","18,65"
Jesus hoje,9788535634433,"35,60","17,80"
"Jesus, símbolo de Deus",8535609156,"45,40","22,70"
Laicato na Igreja e no mundo (O),9788535645170,"33,90","16,95"
Laudato Si ́ no pensamento social da Igreja (A),9788535643992,"25,80","12,90"
Libertação e gratuidade,9788535634303,"33,90","16,95"
Magistério e Doutrina Social da Igreja,9788535641370,"66,90","33,45"
Maria da nossa fé,9788535621457,"24,50","12,25"
Maria dos Evangelhos,9788535926117,"18,40","9,20"
Maria no coração da Igreja,9788535628432,"29,30","14,65"
"Maria, toda de Deus e tão humana",9788535631364,"29,90","14,95"
Maria: graça e esperança em Cristo,8535615555,"16,00","8,00"
Método teológico,9788535644661,"13,50","6,75"
Metodologia pastoral,9788535630107,"18,40","9,20"
Missão e misericórdia,9788535642667,"24,90","12,45"
Missão em debate (A),9788535626063,"32,30","16,15"
Mistério celebrado (O)  Memória e compromisso I  Vol 9,8535610987,"37,30","18,65"
Mistério celebrado (O)  memória e compromisso II  Vol 10,9788535612158,"37,30","18,65"
Mistério da Trindade (O),9788535644128,"35,80","17,90"
Moral social samaritana II,9788535624731,"20,00","10,00"
"Não extingais o Espírito (1 Ts 5,19)",9788535626162,"40,00","20,00"
Nas periferias do mundo,9788535642964,"57,50","28,75"
Nós na Trindade breve ensaio sobre a Trindade,8535613218,"21,50","10,75"
Nossa História  Tomo 1  500 anos de presença da Igreja Católi,a no9 7B8ra8s5i3l 5607376,"27,50","13,75"
Nossa História  Tomo 2  500 anos de presença da Igreja Católi,a no B8r5a3s5il608982,"28,50","14,25"
Nossa História  Tomo 3  500 anos de presença da Igreja Católi,a no B8r5a3s5il609601,"31,80","15,90"
Novos ministérios,9788535635256,"15,80","7,90"
Organizações populares,9788535643817,"10,50","5,25"
Pacto das catacumbas,9788535640410,"15,30","7,65"
Papa Francisco,9788535645255,"32,50","16,25"
Papa Francisco com os movimentos populares,9788535644593,"35,80","17,90"
Para além do espírito do império,9788535633191,"34,50","17,25"
Para compreender como surgiu a Igreja,8535615024,"30,00","15,00"
"Paróquia, comunidades e pastoral urbana",9788535625035,"35,60","17,80"
Patrística prénicena,9788535638547,"53,70","26,85"
Piedade popular,9788535645477,"14,30","7,15"
Pluralismo e libertação,9788535636963,"29,00","14,50"
Pobre para os pobres: a missão da Igreja,9788535637847,"18,40","9,20"
Por uma igreja jovem,9788535646382,"27,50","13,75"
Portas de uma Igreja aberta segundo João Evangelista (As),9788535645729,"41,90","20,95"
Presença feminina no Vaticano II,9788535637830,"21,50","10,75"
Procuramse padres,9788535644289,"35,60","17,80"
Projeto missionário,9788535645484,"16,80","8,40"
Que é Deus? (O),8535613501,"41,90","20,95"
Questões de direito canônico,9788535626001,"20,00","10,00"
Reforma de Francisco (A),9788535643084,"39,50","19,75"
Relações entre protestantismo e modernidade (As),9788535643091,"66,90","33,45"
Religião e consumo,9788535632965,"30,00","15,00"
Repensar a ressurreição,8535613242,"53,70","26,85"
Repensar o mal,9788535628593,"51,80","25,90"
Revisitar o Concílio Vaticano II,9788535627923,"15,50","7,75"
Sacramento da penitência (O),9788535620009,"8,00","4,00"
Santidade: chamado à humanidade,9788535645187,"31,50","15,75"
Seguimento de Jesus,9788535608731,"29,50","14,75"
Sois um em Cristo Jesus  Vol 8.1,8535614079,"37,30","18,65"
Teologia da Saúde,9788535636116,"54,90","27,45"
Teologia das religiões em foco (A),9788535632170,"19,50","9,75"
Teologia depois do Vaticano II (A),9788535639155,"15,30","7,65"
Teologia do povo (A),9788535645262,"35,80","17,90"
Teologia e Ciências Naturais,9788535627688,"49,50","24,75"
Teologia e comunicação,9788535628142,"34,50","17,25"
Teologia e cultura,9788535633856,"24,00","12,00"
Teologia e direito,9788535625905,"34,50","17,25"
Teologia e educação,9788535632583,"33,90","16,95"
Teologia e filosofia: problemas de fronteiras,9788535644517,"39,50","19,75"
Teologia e outros saberes,9788535625899,"33,00","16,50"
Teologia e saúde,9788535630152,"15,00","7,50"
Teologia e Sociedade,9788535627381,"41,90","20,95"
Teologia em saída para as periferias,9788535644920,"49,50","24,75"
Teologia em saída. Obra póstuma do teólogo Afonso M.L. Soa,es9788535643077,"39,00","19,50"
Teoria teológica  Práxis teologal,9788535632187,"28,50","14,25"
Trabalho e capitalismo global,9788535628098,"30,50","15,25"
Um pelo outro  por uma ética da transcendência,8535616470,"19,50","9,75"
Uma igreja de portas abertas,9788535641905,"44,50","22,25"
Utopias do Vaticano II,9788535635782,"34,50","17,25"
Vaticano II: a Igreja aposta no amor universal,9788535633795,"29,90","14,95"
Vaticano II: a luta pelo sentido,9788535635249,"38,50","19,25"
Ventos que sopram do Sul (Os),9788535645347,"46,30","23,15"
Verdade é um encontro (A),9788535639018,"54,50","27,25"
Vida dos outros (A),9788535640014,"42,50","21,25"
Vida e o mistério do mestre da Galiléia (A),9788535644074,"25,50","12,75"
Vislumbres de Deus,9788535645293,"31,80","15,90"
Viver segundo o espírito de Jesus Cristo,9788535636970,"25,90","12,95"
Com Jesus na contramão,9788535635683,"12,50","6,25"
1 Tessalonicenses,9788535642889,"24,90","12,45"
25 lições de iniciação ao grego do Novo Testamento,9788535636826,"25,80","12,90"
Alto preço da prosperidade (O)  Monarquia unida em Israel,8535607188,"10,00","5,00"
Análise narrativa da Bíblia,9788535640922,"23,50","11,75"
Anjos e Messias,8535617795,"25,00","12,50"
Anúncio do Dia do Senhor (O),9788535636505,"68,20","34,10"
"Apresentação de Jesus no Templo (A) (Lc 2,2239)",9788535634174,"34,50","17,25"
Beabá da Bíblia,9788535620948,"8,00","4,00"
"Bíblia, comunicação entre Deus e o povo",9788535628883,"10,00","5,00"
Caminhamos na história de Deus,9788535632293,"13,80","6,90"
"Compaixão, cruz e esperança",9788535629248,"21,50","10,75"
Comunicação e pragmática na exegese bíblica,9788535645828,"79,50","39,75"
Comunidade renasce ao redor da Palavra (A)  Período Persa,9788535631845,"10,00","5,00"
Conheça a Bíblia,9788535625998,"45,00","22,50"
Culto e comércio imperiais no apocalipse de João,8535611355,"27,50","13,75"
"Dança, ó terra!",9788535634785,"29,00","14,50"
Deus também estava lá  Exílio na Babilônia,9788535634082,"10,00","5,00"
Dimensões sociais da fé do antigo Israel,9788535605068,"27,00","13,50"
Discipulado no Novo Testamento (O),9788535645774,"47,30","23,65"
E Deus viu que tudo era bom  Acompanha CD,9788535639360,"39,00","19,50"
Edições da Bíblia no Brasil (As),9788535641981,"33,90","16,95"
Eis que faço novas todas as coisas,9788535632415,"13,20","6,60"
Em busca de Paulo,9788535619775,"87,00","43,50"
"Em busca de vida, o povo muda a história  Reino de Israel",9788535631869,"11,50","5,75"
"Em Jesus, Deus comunicase com o povo",9788535608045,"12,00","6,00"
Entre a fé e a fraqueza  Reino de Judá,9788535636376,"12,50","6,25"
Entre o céu e a terra,9788535621006,"55,70","27,85"
Escravidão vista pelo retrovisor (A),9788535643220,"13,80","6,90"
Estudo da Bíblia em dinâmicas (O),9788535628081,"31,40","15,70"
Eterno entra na história (O)  A terra de Israel no tempo de Jes,s9788535629613,"12,00","6,00"
"Eu sou o caminho, a verdade e a vida",9788535608038,"9,50","4,75"
Evangelho segundo João,9788535644067,"55,70","27,85"
Evangelho segundo Marcos,9788535632590,"19,50","9,75"
Exegese bíblica: teoria e prática,9788535637496,"43,00","21,50"
"Êxodo 15,22  18,27",9788535628555,"23,00","11,50"
Famílias se organizam em busca da sobrevivência (As)  Períod,trib9a7l88535631852,"10,00","5,00"
"Fariseus, escribas e saduceus na sociedade palestinense",853561186X,"57,50","28,75"
Fé bíblica: uma chama brilha no vendaval  Período grecohelen,sta 9788535636598,"11,50","5,75"
Fé nasce e é vivida em comunidade (A),9788535630664,"10,00","5,00"
Formação da identidade cristã (A),9788535644883,"51,80","25,90"
Gênese do discípulo (A),9788535639582,"45,40","22,70"
Gravame como selo sobre teu coração: teologia bíblica femini,ta8535615822,"19,50","9,75"
História da festa judaica das Tendas,9788535629705,"36,80","18,40"
História social do antigo Israel,9788535625295,"46,80","23,40"
Ide e fazei discípulos meus todos os povos,9788535638295,"26,50","13,25"
Iniciação à leitura da Bíblia,9788535628876,"6,50","3,25"
Iniciativa de Deus e corresponsabilidade humana,8535612998,"18,40","9,20"
Introdução à análise poética de textos bíblicos,9788535637625,"37,30","18,65"
Introdução ao estudo das leis na Bíblia,9788535636192,"25,90","12,95"
Introdução ao Novo Testamento,8535613439,"198,00","99,00"
"Jesus em Betânia (Mc 14, 39)",9788535626292,"18,90","9,45"
Jonas,9788535631210,"18,40","9,20"
Leitura infinita (A),9788535638790,"53,70","26,85"
Leitura orante da bíblia,7894123145280,"5,50","2,75"
Ler e compreender a Bíblia,9788535630176,"13,00","6,50"
Livro da sabedoria (O),9788535643671,"39,90","19,95"
Lucas e Atos: uma teologia da história,8535613479,"20,50","10,25"
Mensagem urgente de Jesus para hoje,9788535621938,"23,80","11,90"
Minha alma tem sede de Deus (A),9788535636550,"19,90","9,95"
Miqueias: memórias libertadoras de um líder camponês,9788535641455,"25,90","12,95"
"Misericordiosos como o Pai (cf. Lc 6,36)",9788535640489,"10,00","5,00"
Morte do Messias (A)  Volume 2,9788535627299,"155,00","77,50"
Morte e a ressurreição de Jesus (A),9788535625103,"34,50","17,25"
"Multiplicação dos pães (Mc 6,3044)",9788535620436,"4,80","2,40"
Nascimento do Messias (O),8535611851,"120,90","60,45"
Origens (As),9788535620269,"49,50","24,75"
Origens apócrifas do cristianismo (As),8535609938,"26,20","13,10"
Origens do Cristianismo (As),9788535626391,"31,80","15,90"
Palavra de Deus em palavras humanas (A),9786558080213,"39,90","19,95"
Paulo e a igreja de Tessalônica,9788535642827,"18,80","9,40"
Paulo na origem do cristianismo,9788535643985,"55,70","27,85"
"Paulo, apóstolo de Jesus Cristo pela vontade de Deus!",9788535616118,"14,30","7,15"
Poder do perdão (O),9788535632606,"10,90","5,45"
Povo da Bíblia narra suas origens (O),9788535632149,"13,80","6,90"
Primeira carta de João,9788535645040,"29,90","14,95"
"Primeiro e segundo mandamentos (Mc 12,2834)",9788535622065,"5,50","2,75"
Procuro meus irmãos: lectio divina sobre José do Egito,8535615075,"22,10","11,05"
Profetas e profetisas na Bíblia,8535618635,"22,10","11,05"
Profetismo e instituição no cristianismo primitivo,8535612203,"24,50","12,25"
Projeto do êxodo (O),9788535613261,"27,00","13,50"
Quando tudo se cala,9788535626810,"34,50","17,25"
Questões que a Bíblia Responde,9788535635324,"11,00","5,50"
Rei e Messias em Israel e no antigo oriente próximo,853561396X,"66,00","33,00"
Religião dos primeiros cristãos (A),9788535624069,"75,00","37,50"
Ressuscitado segundo as Escrituras  acompanha CD,9788535638578,"59,80","29,90"
Rute,9788535630411,"19,50","9,75"
Rute  um evangelho para a mulher de hoje,8535601473,"14,30","7,15"
Sabedoria na resistência  Período romano,9788535637892,"13,50","6,75"
Saga de Siloé (A),9788535639872,"30,20","15,10"
São Paulo e o projeto de Deus,9788535645811,"35,60","17,80"
Senhor está neste lugar e eu não sabia (O),8535615199,"13,00","6,50"
Sentido oblativo da vida (O): teologia sacerdotal,9788535622973,"18,40","9,20"
Terras bíblicas: encontro de Deus com a humanidade,9788535630404,"13,50","6,75"
Texto bíblico (O)  um tesouro a ser descoberto,8535608656,"9,80","4,90"
Tobias e Judite,8535616083,"49,50","24,75"
Trajetória do apóstolo Paulo  Nova edição,9788535639544,"5,50","2,75"
Um caminho através do sofrimento,9788535629170,"28,50","14,25"
Visão de um povo sobre as origens da vida,9788535646054,"33,90","16,95"
Atlas Bíblico,9788535626728,"53,70","26,85"
Compêndio da doutrina social da igreja,9788535628753,"55,70","27,85"
Compêndio das Conferências dos Bispos da América Latina e,arib9e788534947640,"90,00","45,00"
"Compêndio dos símbolos, definições e declarações de fé e mo",al9788535619270,"251,90","125,95"
Dicionário de espiritualidade  Vol. I,9788535631746,"250,70","125,35"
Dicionário de espiritualidade  Vol. II,9788535631753,"250,70","125,35"
Dicionário de espiritualidade  Vol. III,9788535631760,"250,70","125,35"
Dicionário do Concílio Vaticano II,9788534940931,"147,00","73,50"
Enciclopédia da Bíblia,9788515036127,"142,60","71,30"
Pluralismo religioso contemporâneo,9788535619232,"32,30","16,15"
Ainda o sagrado selvagem,9788586671982,"49,50","24,75"
Ateísmo,9788535637854,"55,70","27,85"
Ateísmos e irreligiosidades,9788535643688,"49,50","24,75"
Autocompreensão cristã  diálogo das religiões,9788535620559,"29,50","14,75"
Diálogo interreligioso,9788535644678,"19,90","9,95"
Espectro disciplinar da ciência da religião (O),9788535619379,"45,00","22,50"
Fenômeno religioso (O),9788535634921,"43,00","21,50"
Filosofia da religião: uma introdução,9788535637663,"46,80","23,40"
Linguagens da religião:,9788535632064,"25,00","12,50"
"Religião, carisma e poder",9788535638158,"24,00","12,00"
Religiões & Ecologia,9788535627435,"31,40","15,70"
Religiões e religiosidades,9788535626131,"28,80","14,40"
Religiões na História do Brasil,9788535638806,"45,00","22,50"
Teologia e Ciências da Religião,97885345627824,"31,80","15,90"
Uma teoria da religião,9788535620757,"23,00","11,50"
Xamanismo: a palavra que cura,9788535620214,"46,80","23,40"
22o Plano pastoral do secretariado geral 20152019  Doc 104 C,BB9 788535641530,"21,00","10,50"
Abri as portas ao Redentor  102,853561754X,"8,00","4,00"
Ad gentes  42,9788535610802,"7,10","3,55"
Aetatis novae  127,8535615431,"6,00","3,00"
Africae Munus  Exortação Apostólica PósSinodal  196,9788535630275,"9,80","4,90"
Animação da vida litúrgica no Brasil  43,9788535609882,"15,30","7,65"
Batismo de crianças  19,9788535611458,"8,00","4,00"
Carta Apostólica Admirabile Signum  doc. 208,9788535645866,"5,00","2,50"
Carta Apostólica Candor Lucis Aeternae,9786558080671,"10,00","5,00"
Carta Apostólica em forma de Motu Proprio Antiquum Minist,rium9 786558080602,"7,90","3,95"
Carta Apostólica Rosarium Virginis Mariae  183,8535609873,"8,00","4,00"
Carta às famílias  131,9788535615708,"8,00","4,00"
Carta encíclica Caritas in Veritate  193,9788535624984,"10,50","5,25"
Carta Encíclica Centesimus Annus  126,9788535613292,"10,00","5,00"
Carta Encíclica Deus Caritas Est do Sumo Pontífice Bento XVI,oc.198798 8535619850,"10,00","5,00"
Carta Encíclica Ecclesia de Eucharistia  doc 185,9788535610710,"10,00","5,00"
Carta Encíclica Fides Et Ratio  160,9788535612707,"11,50","5,75"
Carta Encíclica Fratelli Tutti  doc.210,9786558080220,"20,00","10,00"
Carta Encíclica Laudato Si  Doc.201,9788535639506,"10,00","5,00"
Carta Encíclica Pacem in terris  25,8535610677,"6,50","3,25"
Carta Enciclica Spe Salvi sobre a esperança cristã  192,9788535621761,"11,70","5,85"
Carta Encíclica Veritatis Splendor  130,9788535614305,"6,30","3,15"
Catequese renovada  26,9788535610864,"12,50","6,25"
Comunidade de comunidades: uma nova paróquia  Doc. 100,9788535637823,"9,50","4,75"
Constituição apostólica Veritatis Gaudium  doc.205,9788535643879,"13,00","6,50"
Constituição apostólica Vultum Dei Quaerere  doc. 203,9788535641752,"6,50","3,25"
Constituição Sacrosanctum Concilium sobre a sagrada liturgia,26 9788535610499,"8,60","4,30"
Cristãos leigos e leigas na Igreja e na sociedade  Doc. 105,9788535641776,"9,50","4,75"
Decreto Unitatis Redintegratio Conc.Vaticano II sobre o Ecum,nismo8 5d3o5c6.4142 394,"5,00","2,50"
Dei Verbum  37,9788535610703,"8,00","4,00"
Dignidade e a vocação da mulher (A)  118,8535616403,"8,60","4,30"
Diretório da pastoral familiar  Doc. CNBB 79,9788535615104,"17,80","8,90"
Diretório de comunicação da Igreja no Brasil  doc. 99,9788535637632,"10,50","5,25"
Diretório nacional de catequese  Doc. CNBB 84,9788535618679,"14,80","7,40"
Diretrizes Gerais da Ação Evangelizadora da Igreja no Brasil 20,52091798 8535639339,"6,50","3,25"
Diretrizes para o diaconato permanente da Igreja no Brasil  do,. 969 788579721243,"12,00","6,00"
Ecclesiam Suam  28,8535612416,"7,80","3,90"
"Educação, Igreja e sociedade  47",9788535610925,"8,60","4,30"
Evangelium Vitae  139,9788535613025,"16,80","8,40"
Evangelização da juventude  Doc. 85 CNBB,9788535620306,"9,80","4,90"
Exortação Apostólica Evangelii Gaudium  A alegria do evangel,o  D9o7c8. 8159385 636840,"7,50","3,75"
Exortação Apostólica Evangelii Nuntiandi  85,9788535612301,"10,00","5,00"
Exortação Apostólica GAUDETE ET EXSULTATE  Doc. 206,9788535644043,"10,00","5,00"
Exortação Apostólica póssinodal (Dabo Vobis)  128,85.356.1530X,"17,80","8,90"
Exortação apostólica póssinodal AMORIS LAETITIA sobre o am,r na9 7fa8m85íl3ia5 641493,"9,50","4,75"
Exortação apostólica póssinodal Christus Vivit do Papa Francis,o  D9o7c8.8250375645156,"10,50","5,25"
Exortação Apostólica póssinodal ecclesia in América 163,8535616411,"8,60","4,30"
Exortação apostólica póssinodal Pastores Gregis do Sumo Pon,ífice  8158365611975,"19,50","9,75"
Exortação apostólica póssinodal Querida Amazônia  Doc.209,9788535646030,"8,00","4,00"
Exortação apostólica póssinodal Sacramentum Caritatis  doc.,90 9788535604924,"12,00","6,00"
Exortação Apostólica póssinodal Verbum Domini  194,97885356227428,"7,50","3,75"
Exortação apostólica póssinodal vita consecrata  147,9788535618778,"19,50","9,75"
Exortação Apostólica sobre a alegria cristã  84,9788535614039,"4,50","2,25"
Formação dos presbíteros da Igreja do Brasil  55,9788535610901,"15,30","7,65"
Gaudium et Spes  41,9788535612080,"6,50","3,25"
Humanae Vitae  60,9788535619317,"4,90","2,45"
Igreja e a questão agrária brasileira no início do séc. XXI (A)  D,c.10917 88535637946,"11,00","5,50"
Instrução pastoral sobre os meios de comunicação social  69,9788535644838,"6,50","3,25"
Instrução Redemptionis Sacramentum  Doc. 16,9788535613735,"15,30","7,65"
Inter Mirifica  27,9788535634846,"3,60","1,80"
Interpretação da Bíblia na Igreja (A)  134,9788535614015,"18,50","9,25"
Legislação complementar ao código de direito canônico para,Bra9s7il88535624977,"2,30","1,15"
Lumen Gentium  31,9788535611342,"8,60","4,30"
Mãe do Redentor (A)  116,9788535619768,"8,60","4,30"
Mater et Magistra  24,8535613013,"8,00","4,00"
Mensagem ao povo de Deus sobre as comunidades eclesiais d,ba9se7 8 9825 35626773,"2,50","1,25"
Misericórdia de Deus (A)  182,9788535618747,"6,00","3,00"
Misericórdia Divina (A)  96,9788535610970,"8,60","4,30"
Misericordiae Vultus: O rosto da misericórdia  Doc. 200,9788535639278,"3,00","1,50"
Missão da família cristã no mundo de hoje (A)  100,9788535611090,"24,50","12,25"
Missão e ministérios dos cristãos leigos e leigas  62,9788535610918,"13,80","6,90"
Mysterium Fidei sobre o culto da sagrada eucaristia  32,8535610898,"7,20","3,60"
Nostra aetate  Doc. 43,9788535612042,"8,00","4,00"
Orientações para a celebração da Palavra de Deus  52,9788535610789,"7,80","3,90"
Orientações pastorais sobre a Renovação Carismástica  53,9788535618457,"8,00","4,00"
Pastoral da música litúrgica no Brasil  7,9788535610697,"3,50","1,75"
Populorum Progressio  49,9788535617214,"8,60","4,30"
Por uma reforma do Estado com participação democrática  D,c. 919 788535626278,"5,20","2,60"
Projeto nacional de evangelização  Brasil na missão continent,l (O9) 788535623666,"3,90","1,95"
Reconciliação e penitência  106,9788535612097,"8,60","4,30"
Redentor do Homem (O)  90,9788535619874,"9,00","4,50"
Rerum Novarum  6,9788535613001,"8,00","4,00"
Sentido cristão do sofrimento humano (O)  104,9788535619843,"7,00","3,50"
Sexualidade humana: verdade e significado  148,8535612319,"15,30","7,65"
Universidades católicas  124,9788535613957,"5,00","2,50"
Validade permanente do mandato missionário (A)  125,9788535610772,"12,00","6,00"
Vida fraterna em comunidade (A)  135,9788535618761,"10,00","5,00"
Vocação e missão dos leigos na Igreja e no mundo  119,8535610685,"17,40","8,70"
Curso para Ministros da Eucaristia,9788535635379,"10,00","5,00"
Adoração ao Santíssimo,9788535623475,"6,00","3,00"
Advento,7894123146140,"5,50","2,75"
Ano litúrgico,9788535644708,"65,00","32,50"
Batismo e confirmação  sacramentos de iniciação,9788535619133,"49,50","24,75"
Bíblia e liturgia,9788535633894,"55,70","27,85"
Caminho pascal da Quaresma (O),7894123147093,"5,50","2,75"
Celebração do domingo ao redor da Palavra de Deus,8535608486,"26,20","13,10"
Celebrações da Iniciação à Vida Cristã,9788535643459,"35,80","17,90"
"Celebrações, exéquias e bênçãos",9788535642971,"31,40","15,70"
Celebrando por ocasião da morte,9788535628302,"17,20","8,60"
Ciclo da Páscoa (O),9788535629798,"20,00","10,00"
Ciclo do Natal (O),9788535626841,"25,00","12,50"
Comunhão aos enfermos e celebrações de exéquias,9788535629729,"15,70","7,85"
Comunicação na Liturgia,9788535642094,"13,00","6,50"
Converteivos e crede no Evangelho,853561849X,"20,00","10,00"
Dia a dia nos passos de Jesus  Ano A,9788535635089,"24,50","12,25"
Dia a dia nos passos de Jesus  Ano B,9788535628470,"24,50","12,25"
Dia a dia nos passos de Jesus  Ano C,9788535632422,"24,50","12,25"
Dia do Senhor: Rito da celebração da Palavra  vol. 1,9788535643060,"25,90","12,95"
Diaconato permanente,9788535643633,"18,50","9,25"
Encontro com Deus na liturgia,9788535626407,"16,80","8,40"
Encontros de coroinhas: subsídios litúrgicos e vocacionais,9788535637908,"17,20","8,60"
Espírito Santo e Liturgia,9788535645767,"66,00","33,00"
Eucaristia: teologia e celebração,8535616772,"66,00","33,00"
Formação litúrgica,9788535638813,"14,80","7,40"
Homilia,9788535644807,"13,80","6,90"
"Homilia, partilha da palavra  vol. 3",9788535630985,"10,00","5,00"
Homilia: a comunicação da palavra,9788535633542,"18,40","9,20"
Homilia: espaço para comunicar esperança,9788535642988,"18,50","9,25"
Hora santa litúrgica tempo de advento,8535614214,"4,50","2,25"
Hora santa litúrgica tempo do natal,8535614524,"4,50","2,25"
Horas santas litúrgicas,9788535638103,"15,30","7,65"
Inculturação litúrgica,9788535622164,"27,00","13,50"
Iniciação à liturgia,9788535630770,"18,90","9,45"
Instrução geral sobre a Liturgia das Horas,9788535638462,"20,00","10,00"
"Jesus Cristo: Ontem, hoje e sempre",7894123147086,"5,50","2,75"
"Juntos, cantemos ao Senhor",9788535643206,"13,50","6,75"
Laboratório litúrgico,8535617639,"22,10","11,05"
"Leitores, salmistas e ministros da Palavra",9788535642995,"25,90","12,95"
Liturgia  Peregrinação ao coração do mistério,9788535623628,"33,00","16,50"
Liturgia das Horas  Vol. I / Advento e Natal,8532609937,"118,00","59,00"
Liturgia das Horas  Vol. III / Tempo Comum 1 a 17,853261275X,"153,00","76,50"
Liturgia de exéquias,9788535623482,"5,00","2,50"
Liturgia e vida espiritual,9788535621402,"62,00","31,00"
Matrimônio e família,9788535622010,"31,50","15,75"
Mesa da palavra I (A),9788535620702,"27,50","13,75"
Mesa da palavra II (A),9788535621235,"29,30","14,65"
Ministério de leitores e salmistas (O)  vol. 2,9788535629040,"10,00","5,00"
Missa (A) memória de Jesus no coração da vida,9788535613865,"30,50","15,25"
Missa e suas partes (A),9788535629491,"23,00","11,50"
Mistagogia,9788535635072,"30,50","15,25"
Mística e liturgia  vol. 8,8535616861,"10,00","5,00"
Natal,7894123146157,"5,50","2,75"
Natal com Maria,9788535640038,"8,00","4,00"
Palavra de Deus na liturgia (A)  vol. 1,8535607099,"10,00","5,00"
Palavra e liturgia,9788535640366,"29,90","14,95"
Pão e vinho para nossa ceia com o Senhor  vol. 7,8535616500,"10,50","5,25"
Participar da liturgia,9788535629507,"9,80","4,90"
Penitência e unção dos enfermos,9788535619119,"75,00","37,50"
Preparando Advento e Natal,8535609067,"22,80","11,40"
Presidir a celebração do dia do Senhor  vol. 6,8535613161,"10,50","5,25"
Renascer da água e do espírito,9788535635331,"79,50","39,75"
Ritual da iniciação cristã de adultos,8535608605,"47,30","23,65"
Ritual da penitência,8535603328,"33,00","16,50"
Sacramentos maravilhas da salvação,8535612769,"16,00","8,00"
"Sacramentos, símbolos do Espírito (Os)",8535615954,"37,30","18,65"
Sagrada comunhão e o culto do mistério eucarístico fora da m,ssa 9(A7)8 8535606409,"29,30","14,65"
Segredo dos ritos (O),9788535628678,"34,50","17,25"
Senhor prepara a sua mesa (O),9788535646061,"25,80","12,90"
Servindo ao Senhor com alegria,9788535628975,"10,00","5,00"
Símbolos cristãos,8535607277,"24,50","12,25"
Sinais do mistério de Cristo,9788535625530,"71,00","35,50"
Tempo e canto litúrgicos,9788535629033,"16,00","8,00"
Tempo litúrgico,9788535624953,"18,40","9,20"
Tempo Pascal,7894123147116,"5,50","2,75"
Tríduo Pascal,7894123147123,"5,50","2,75"
Tríduo Pascal  Inclui CD,9788535623970,"28,50","14,25"
Vamos participar da missa?  Inclui CD,9788535630572,"31,40","15,70"
Vida cristã: a existência no amor,9788535638028,"20,00","10,00"
Virgem Maria no Ano Litúrgico (A),9788535643626,"28,00","14,00"
Viver a ritualidade litúrgica como momento histórico da salva,ão8535614656,"21,50","10,75"
Vocabulário básico de liturgia,9788535633764,"57,90","28,95"
15 dias de oração com Charles de Foucauld,9788535614855,"10,50","5,25"
15 dias de oração com Etty Hillesum,9788535637519,"17,20","8,60"
À mesa de Betânia,9788535620924,"22,10","11,05"
"Ainda que tenha morrido, viverá",9788535626056,"21,50","10,75"
"Amar: chamado divino, vocação humana",9788535604856,"28,50","14,25"
Amigos invisíveis,9788535645163,"44,50","22,25"
Bemaventuranças,9788535640106,"23,00","11,50"
Caminho de conformação a Cristo,9788535644524,"31,80","15,90"
Caminho espiritual de Dom Helder Camara (O),9788535634570,"41,90","20,95"
Canções do coração,9788535645149,"41,90","20,95"
Cartas da tribulação (As),9788535645804,"55,70","27,85"
Celebração dos sentidos,9788535622515,"24,50","12,25"
"Comunidade, lugar do perdão e da festa",9788535640151,"39,50","19,75"
Construção de Jesus (A),9788535643978,"45,40","22,70"
Cristo minha vida,9788535622775,"34,50","17,25"
Cruz em Paulo (A),9788535626742,"16,00","8,00"
Deus cura... hoje,9788535620832,"32,30","16,15"
Deus uno e trino,8535605134,"18,00","9,00"
Discernimento (O),9788535612677,"32,50","16,25"
Elogio da sede,9788535644395,"31,50","15,75"
Elogio da vida imperfeita,9788535644975,"18,50","9,25"
Em oração com Maria,9788535638868,"8,00","4,00"
Em que posso servir?,9788535639001,"25,90","12,95"
Espiritualidade de Jesus (A),9788535640373,"14,30","7,15"
Espiritualidade do comunicador,9788535643947,"15,80","7,90"
Espiritualidade e arte de cuidar,97885356227190,"33,90","16,95"
Espiritualidade e autoajuda,9788535636574,"19,50","9,75"
Espiritualidade e entusiasmo,9788535622119,"14,30","7,15"
Espiritualidade para nosso tempo com Carlos de Foucauld,9788535620870,"21,50","10,75"
Eterna é a sua Misericórdia,9788535640915,"18,50","9,25"
Eu estava doente e você me visitou,9788535637335,"14,80","7,40"
Exercícios espirituais ao alcance de todos,9788535638509,"12,60","6,30"
Felizes os misericordiosos  Acompanha CD,9788535640199,"10,00","5,00"
Francisco e Helder  sintonia espiritual,9788535641219,"26,50","13,25"
Graus do amor no Cântico dos cânticos (Os),9788535630589,"11,00","5,50"
Imitação de Cristo,9788535645576,"25,90","12,95"
Jejuar,9788535634877,"18,90","9,45"
Libertar o tempo,9788535643251,"21,50","10,75"
Manual do servo inútil,9788535638851,"28,40","14,20"
Meu livro de meditação,9788535640335,"28,50","14,25"
Misericórdia: essência da vida cristã,9788535640953,"15,50","7,75"
Mostrame o teu rosto,9788535620122,"48,00","24,00"
Narrar Jesus,9788535625257,"25,80","12,90"
Natal,9786558080800,"22,80","11,40"
Nenhum caminho será longo,9788535635058,"29,50","14,75"
Oração de repouso,9788535636536,"28,40","14,20"
Paciência com Deus,9788535638585,"43,80","21,90"
Pai nosso que estais na terra,9788535634600,"21,50","10,75"
Palavra para viver (A),9788535630596,"11,00","5,50"
Para aprofundar o Creio,9788535622270,"26,50","13,25"
Paulo VI e Dom Helder Camara,9788535638226,"21,90","10,95"
Pedagogia da alegria,9786558080169,"18,50","9,25"
Pedagogia do silêncio,9788535644753,"15,50","7,75"
Pegadas que Cristo deixou (As),9788535623345,"18,90","9,45"
Pelos caminhos do Nazareno,9788535643190,"15,80","7,90"
Perdão (O) misericórdia e cura,9788535620160,"23,80","11,90"
Pilares da igreja,9788535640359,"16,80","8,40"
Por que ter fé?,9788535644142,"35,60","17,80"
Presença de Deus no trabalho (A),9788535639391,"12,50","6,25"
Reconciliação e perdão,9788535623260,"23,00","11,50"
Rezar com as solenidades e festas do Senhor,9788535645637,"23,90","11,95"
Santa Teresa de Jesus  mística e humanização,9788535639254,"49,50","24,75"
Segredo de um grande amor (O),9788535643237,"19,50","9,75"
"Senhor, ensinanos a rezar",9788535619911,"10,00","5,00"
Sete passos para a cura da alma,9788535637236,"12,00","6,00"
Sete últimas palavras (As),9788535634105,"18,40","9,20"
Silêncio de Maria (O),9788535630718,"38,50","19,25"
Suba comigo,9788535625318,"38,50","19,25"
Tempo de Deus (O),9788535635522,"35,00","17,50"
Teopoética: mística e poesia,9788535645651,"69,80","34,90"
Tesouro escondido (O),9788535633016,"21,50","10,75"
Transfiguração,9786558080312,"13,20","6,60"
Um anjo também para você,9788535643114,"35,00","17,50"
Um Deus que dança,9788535641929,"20,00","10,00"
Um mês com a Rainha do céu,9788535642612,"8,00","4,00"
Um mês com Maria reflexões para o dia a dia,9788535610086,"22,40","11,20"
Uma aventura do Espírito,9788535618952,"37,30","18,65"
Verdade que liberta (A),9788535636703,"23,00","11,50"
Viver reconciliados,9788535633849,"21,50","10,75"
Voo da fé (O),9788535635171,"17,40","8,70"
Vossos filhos e vossas filhas profetizarão,9788535644609,"31,90","15,95"
