"",,"Preço comdesconto",
[Des]aprendizagens: textos sobre atuação,9786586039955,"43,00","21,50"
2016: Golpe e Democracia no Brasil,9786586039566,"68,00","34,00"
A Ampliação do Processo de Privatização da Saúde Pública no Brasil,9788584041688,"53,00","26,50"
A Antártida no sistema internacional,9788527106214,"46,00","23,00"
A arte romanesca do ator: Constantin Stanislavski na cultura do romance,9786586039313,"54,00","27,00"
A Busca: memórias da resistência,9788584041992,"52,00","26,00"
A Ciência dos Trópicos: A Arte Médica no Brasil do Séculos XVIII,9788527104180,"42,00","21,00"
A companhia de teatro São José: a menina‐dos‐olhos de Paschoal Segreto,9788564806016,"55,00","27,50"
A constituição federal de 1988: avanços e desafios,9788579700750,"44,00","22,00"
A Construção da Clínica Ampliada na Atenção Báscia,9788527106757,"49,00","24,50"
A construção da medicina integrativa: um desafio para o campo da saúde,9788560438143,"62,00","31,00"
A cultura popular na Idade Média e no Renascimento: o contexto de François Rabelais,9788527100199,"70,00","35,00"
A dimensão internacional do conflito armado colombiano: a internacionalização dos p,9788564806061,"53,00","26,50"
A economia brasileira de Getúlio a Dilma ‐ Novas interpretações,9786586039689,"92,00","46,00"
A era do saneamento : as bases da política de saúde pública no Brasil,9788564806085,"54,00","27,00"
A espiritualidade no trabalho em saúde,9788584040667,"72,00","36,00"
A Estrutura Metálica na Arquitetura Civil,9788560438754,"80,00","40,00"
"A Formulação de uma Política Pública: contexto, atores e ideias na análise da política",9788584041640,"49,00","24,50"
A geografia da paz,9786586039122,"50,00","25,00"
A ilha de Búzios: uma comunidade caiçara no sul do Brasil,9788560438075,"40,00","20,00"
A independência do Brasil e a experiência hispano‐americana (1808‐1822),9788584040452,"79,00","39,50"
A inversão da olhadela : alterações no ato do espectador teatral,9788584041008,"58,00","29,00"
A lei do desejo: tomar a terra de assalto,9788584041107,"48,00","24,00"
"A língua é o que nos une: língua, sujeito e estado no museu da língua portuguesa",9788584041824,"56,00","28,00"
A Medicina da Alma. Artes do Viver e Discursos Terapêuticos,9788564806535,"47,00","23,50"
A Melhoria Rápida da qualidade nas organizações de saúde,9788564806320,"53,00","26,50"
A mulher e o teatro brasileiro do Século XX,9788560438723,"71,00","35,50"
A natureza na literatura brasileira,9788527106627,"40,00","20,00"
"A nova geografia militar: logística, estratégia e inteligência",9788584040773,"49,00","24,50"
A Palavra Perplex: Experiência Histórica e Poesia no Brasil nos anos 1970,9788584041244,"76,00","38,00"
A pedagogia do espectador,9786586039191,"48,00","24,00"
"A política da justiça: blindar as elites, criminalizar os pobres",9788584041633,"86,00","43,00"
A Política de Reforma Agrária de Mercado do Banco Mundial,9788579700279,"64,00","32,00"
A Política externa da primeira república e os Estados Unidos. A atuação de Joaquim N,9788560438013,"55,00","27,50"
A produção subjetiva do cuidado: cartografias da estratégia saúde da Família,9788579700088,"44,00","22,00"
A propriedade rural como símbolo: representações sociais e impactos sobre o ambien,9788560438594,"47,00","23,50"
A psicoterapia instiutucional e o clube dos saberes,9788584041510,"48,00","24,00"
A quebra da mola real das sociedades: a crise política do Antigo Regime Português na,9788579700293,"62,00","31,00"
A Reforma Psiquiátrica no Cotidiano II,9788560438198,"50,00","25,00"
"A Reformulação da Clínica e a Gestão na Saúde: Sujetividade, política e a invenção de",9788584040421,"53,00","26,50"
A Reinvenção do Sertão: Organização Social e Governança do Bello Monte (1893‐1897,9788584041329,"65,00","32,50"
"A saga dos Botocudos : guerra, imagens e resistência indígena",9788584040506,"98,00","49,00"
"A saúde entre os negócios e a questão social: privatização, modernização e segregaçã",9788564806856,"52,00","26,00"
A saúde nas palavras e nos gestos: reflexões da rede de educação popular e saúde,9788584041145,"58,00","29,00"
A sombra do poder: Martinho de Melo e Castro e a administração da Capitania De Mi,9788527107129,"35,00","17,50"
A vida em rebelião: jovens em conflito com a lei,9788527106825,"62,00","31,00"
A visão do ameríndio na obra de Sousândrade,9788527106320,"44,00","22,00"
"Abordagens Psicossociais volume I: história, teoria e prática no campo",9788560438518,"47,00","23,50"
Abordagens Psicossociais volume II: reforma psiquiátrica e saúde mental na ótica da c,9788584040148,"62,00","31,00"
"Abordagens Psicossociais, volume III: perspectivas para o serviço social",9788560438716,"50,00","25,00"
Adivinhas do Tempo: êxtase e Revolução,9788560438815,"40,00","20,00"
"Administração política, planejamento governamental e gestão pública no Brasil conte",9788584041121,"56,00","28,00"
Adoecimentos e Sofrimentos de Longa Duração,9788584040391,"66,00","33,00"
"Afetos, Relações e Encontros com Filmes Brasileiros Contemporâneos",9788584040964,"48,00","24,00"
"Aids, prevenção porta a porta: Construindo histórias de prevenção ao HIV/Aids no pro",9788527106429,"60,00","30,00"
Além da senzala: arranjos escravos de moradia no Rio de Janeiro (1808‐1850),9788579700743,"50,00","25,00"
Amazônia,9788564806733,"62,00","31,00"
Ambiente de trabalho: a luta dos trabalhadores pela saúde,9786586039146,"78,90","39,45"
Ambulatório de especialidades: subsídios conceituais e organização de serviços a parti,9786586039276,"56,00","28,00"
"Análise de texto: procedimentos, análises, ensino",9788564806672,"50,00","25,00"
Análise Institucional e Saúde Coletiva no Brasil,9788564806696,"95,00","47,50"
"Análise Institucional: perspectivas contemporâneas, teorias e experiências",9788584041657,"76,00","38,00"
Anatomia do Trote Universitário,9788584040698,"55,00","27,50"
André Rebouças: um engenheiro do Império,9788579701092,"57,00","28,50"
Arte e Trabalho: Aspectos da Produção do Livro em São Paulo (1914‐1945),9788584040735,"55,00","27,50"
As Bases do Raciocínio Médico,9788564806894,"77,00","38,50"
As Ciências Sociais na Educação Médica,9788584040919,"47,00","23,50"
As Culturas do Brasil,9788560438426,"58,00","29,00"
As práticas corporais no campo da saúde. Volume I,9788564806818,"52,00","26,00"
As Práticas Corporais no Campo da Saúde: Pesquisa Interinstitucional e formação em r,9788584040759,"46,00","23,00"
Ataque e contra‐ataque : o jornalismo esportivo na perspectiva de duas trajetórias pr,9788584040315,"55,00","27,50"
"ATENÇÃO BÁSICA É O CAMINHO! DESMONTES, RESISTÊNCIAS E COMPROMISSOS. Con",9786586039443,"82,00","41,00"
"ATENÇÃO BÁSICA É O CAMINHO! DESMONTES, RESISTÊNCIAS E COMPROMISSOS. Con",9786586039436,"78,00","39,00"
Atenção em saúde mental para crianças e adolescentes no SUS,9788584040766,"73,00","36,50"
Atenção primária e atenção especializada no SUS: análise das redes de cuidado em gr,9786586039702,"56,00","28,00"
"Atividades humanas e terapia ocupacional : saber‐fazer, cultura, política e outras resis",9788584042029,"65,00","32,50"
Autopoiese e reforma psiquiátrica,9788584040025,"62,00","31,00"
Avaliação econômica em saúde,9788560438303,"39,00","19,50"
Avaliando a inclusão digital pela escola : o projeto UCA‐Total,9788584040278,"49,00","24,50"
Babel,9788579700224,"38,00","19,00"
Bakhtin e as Artes do Corpo,9786586039900,"50,00","25,00"
Banco Central do Brasil: o leviatã ibérico. Uma interpretação do Brasil contemporâneo,9788579701054,"65,00","32,50"
Bases de toxicologia ambiental e clínica para atenção à saúde: exposição e intoxicação,9788584041923,"95,00","47,50"
Bases teóricas dos processos de medicalização: um olhar sobre as forças motrizes,9788584041800,"52,00","26,00"
"Brasil, geopolítica e poder mundial: o anti‐Golbery",9788584041671,"54,00","27,00"
Brasil: formação do estado e na nação,9788527106139,"210,00","105,00"
Caminhos da aprendizagem na extensão universitária: reflexões com base em experiê,9788584041053,"67,00","33,50"
"Caminhos da Vigilância Sanitária Brasileira: Proteger, Vigiar, Regular",9788584040926,"55,00","27,50"
Capitalismo e Saúde no Brasil nos anos 90: as Propostas do Banco Mundial e o desmo,9788579701016,"57,00","28,50"
Casamento Infantil: infância roubada por graves violações dos direitos humanos das c,9788584042067,"42,00","21,00"
Cenários contemporâneos da promoção da saúde,9786586039382,"58,00","29,00"
Cérebro Mente,9788527107020,"40,00","20,00"
"Cidades, províncias, estados: origens da nação argentina (1800‐1846)",9788579700002,"55,00","27,50"
Ciência da Saúde,9788527105309,"50,00","25,00"
Ciência e arte: Euclides da Cunha e as ciências naturais,9788527105583,"49,00","24,50"
Ciência Nova,9788579700651,"77,00","38,50"
Ciências sociais e saúde no Brasil,9788560438211,"39,00","19,50"
Ciências sociais e saúde: crônicas do conhecimento,9788560438914,"40,00","20,00"
Cinensaios Agnès Varda: o Documentário como Escrita para além de si,9788584040032,"55,00","27,50"
Civilização e doença,9788579701009,"84,00","42,00"
Clássicos das relações internacionais,9788579700231,"69,00","34,50"
Clínica comum: fragmentos de formação e cuidado,9786586039405,"60,00","30,00"
Clínica Comum: itinerários de uma formação em saúde,9788564806559,"60,00","30,00"
Clínica Peripatética,9788527107112,"36,00","18,00"
"Colônia e nativismo:  a história como ""biografia da nação",9788527104111,"30,00","15,00"
"Colonialismo, imperialismo e desenvolvimento econômico europeu",9788560438105,"62,00","31,00"
Colonização e monopólio no nordeste brasileiro,9788527106009,"46,00","23,00"
Composições de formação em saúde: a experiência do PET‐UFF,9788584041886,"60,00","30,00"
"Comunicação, política e representação: interfaces com ciência, tecnologia e ambiente",9788584041459,"68,00","34,00"
"Comunicação, tecnologia e ambiente",9788584040490,"68,00","34,00"
"Cone Sul: Fluxos, representações e percepções",9788527107099,"57,00","28,50"
Conexões: saúde coletiva e políticas da subjetividade,9788579700071,"71,00","35,50"
Construções Identitárias da obra de João Ubaldo Ribeir,9788560438853,"50,00","25,00"
Consumo de drogas: desafios e perspectivas,9788527105408,"44,00","22,00"
Contextos missionários: religião e poder no Império Português,9788579700538,"66,00","33,00"
Contrafissura e Plasticidade Psíquica,9788584040544,"40,00","20,00"
Contribuições à história da historiografia luso‐brasileira,9788564806405,"78,00","39,00"
Coquetel: a incrível história dos antirretrovirais e do tratamento da aids no Brasil,9788564806504,"54,00","27,00"
Corpo com deficiência em busca de reabilitação? A ótica das pessoas com deficiência f,9788584041862,"54,00","27,00"
Corpo da multidão: dança e políticas públicas,9788584041473,"48,00","24,00"
Corpo e Cuidado: as práticas corporais como práticas de cuidado,9788584041831,"50,00","25,00"
Corpo e Pensamento: espaços e tempos de afirmação da vida na sua potência criador,9788584041336,"62,00","31,00"
Corpo e(n)cena: ensaios urgentes,9786586039580,"52,00","26,00"
"Covid‐19, Meio Ambiente e Políticas Públicas",9786586039290,"58,00","29,00"
"Criações artísticas, representações da história: diálogo entre arte e sociedade",9788579700507,"49,00","24,50"
Crianças e adolescentes com doenças raras: narrativas e trajetórias de cuidado,9788584041978,"69,00","34,50"
Criar a Nação: História dos Nomes dos Países da América Latina,9788584040780,"69,00","34,50"
Cuidados da doença crônica na atenção primária de saúde,9788564806245,"52,00","26,00"
Cultura e psicologia : questões sobre o desenvolvimento dio adulto,9788579700149,"79,00","39,50"
Da minha Janela vejo. Relato de uma trajetória pessoal de pesquisa no lume,9788560438068,"45,00","22,50"
"Da Paciência à resistência: Conflitos entre Atores Sociais, Espaço Urbano e Espaço de",9788560438099,"45,00","22,50"
Decisões políticas e mudanças limitadas na saúde,9786586039177,"60,00","30,00"
Depois da reforma: contribuição para a crítica da saúde coletiva,9788564806801,"46,00","23,00"
Depressão na infância: uma abordagem antropológica,9788584040711,"58,00","29,00"
"Desafios da inclusão digital: toria, educação e políticas públicas",9788564806153,"67,00","33,50"
Desafios Políticos da Reforma Psiquiátrica Brasileira,9788579700453,"44,00","22,00"
"Desarquivando a ditadura: memória e justiça no Brasil, volume I",9788560438921,"73,00","36,50"
"Desarquivando a ditadura: memória e justiça no Brasil, volume II",9788560438938,"62,00","31,00"
"Descentralização e política de saúde: origens, contexto e alcance da descentralização",9788564806900,"62,00","31,00"
Devires da clínica,9788560438730,"45,00","22,50"
"Dialogando com Celso Furtado: ensaios sobre a questão da mão de obra, o subdesenv",9788584042128,"60,00","30,00"
Diálogos interculturais,9788527106733,"54,00","27,00"
Diálogos sobre a boca,9788564806788,"68,00","34,00"
Diário da Pandemia: O olhar dos Historiadores,9786586039368,"68,00","34,00"
"Dicionário de empresas, grupos econômicos e financeirização na saúde",9788584041909,"88,00","44,00"
Dilemas e desafios da gestão municipal do SUS : avaliação da implantação do Sistema,9788579700545,"64,00","32,00"
Direitos Humanos e Saúde Mental,9788584041152,"82,00","41,00"
Diretiro à saúde: discursos e práticas na construção do SUS,9788579700064,"57,00","28,50"
Diversidade & Poder,9788584042135,"54,00","27,00"
Diversidade: um guia para o teatro dos anos 90,9788527103923,"74,00","37,00"
Do medo do terremoto ao medo dos outros : uma etnografia do megassimo de 2010,9788584040957,"52,00","26,00"
Dois encontros entre o marxismo e a América Latina,9788564806337,"59,00","29,50"
Dom Rodrigo de Sousa Coutinho : pensamento e ação político‐administrativa no impé,9788564806382,"54,00","27,00"
Dossiê contra o pacote do veneno e em defesa da vida!,9786586039924,"50,00","25,00"
Drama como método de ensino,9788564806412,"39,00","19,50"
É possível ser feliz fazendo uma monografia,9788527106238,"40,00","20,00"
"Ecologia crítica: Estado, mercado e sociedade ‐ Uma análise para um retorno do meta",9788584041770,"52,00","26,00"
Economia e Política das Finanças Públicas no Brasil,9788560438976,"64,00","32,00"
Economias políticas da doença e da saúde: uma etnografia da experimentação farmac,9786586039351,"68,00","34,00"
Educação e Saúde,9788579700057,"62,00","31,00"
Educação física /Ciências do esporte: Intervenção e conhecimento,9788527105026,"44,00","22,00"
"Educação médica: gestão, cuidado, avaliação",9788579701238,"76,00","38,00"
Educação Popular e atenção à saúde da família,9788584040445,"53,00","26,50"
Educação popular em saúde: desafios atuais,9788584041343,"62,00","31,00"
Educação popular na formação universitária: reflexões com base em uma experiência,9788579700941,"72,00","36,00"
Educação popular na universidade: reflexões e vivências da Articulação Nacional de Ex,9788564806948,"52,00","26,00"
Educação popular no sistema único de saúde,9788584041350,"48,00","24,00"
El caso Darfur: limitaciones políticas a la responsabilidad de proteger,9788584040087,"80,00","40,00"
Empresariado fabril e desenvolvimento econômico,9788527106955,"45,00","22,50"
"Empresas, empresários e desenvolvimento econômico no Brasil",9788560438471,"56,00","28,00"
"Enfermagem, Ensino e Saúde",9786586039412,"74,00","37,00"
Ensaios de comunicação integrada,9788584040056,"45,00","22,50"
Ensaios latino‐americanos de política internacional,9788560438136,"56,00","28,00"
Ensaios sobre o subdesenvolvimento e a economia política contemporânea,9788584040308,"56,00","28,00"
Ensaios sobre os fundamentos da lógica,9788527101820,"55,00","27,50"
"Ensaios sobre Política, Direito e Sociedade",9788584040520,"52,00","26,00"
"Entre arte e ciência, fundamentos hermenêuticos da medicina homeopática",9788527107068,"44,00","22,00"
Entre o Público e o Privado: Hospital São Paulo e Escola Paulista de Medicina (1933 a,9786586039788,"60,00","30,00"
Entre pedras e fissuras: a construção da atenção psicossocial de usuário de drogas no,9788584040704,"67,00","33,50"
Envelhecimento: um olhar interdisciplinar,9788584040407,"79,00","39,50"
Epidemiologia e Emancipação,9788527102841,"55,00","27,50"
Epidemiologia nos municípios: muito além das normas,9788527106108,"50,00","25,00"
Epistemologia dos Expertos: Subjetividade e conhecimento em autobiografias de ficci,9788579700811,"62,00","31,00"
Equívoco,9788584041091,"43,00","21,50"
Escola para todos e as pessoas com deficiência: contribuições da Tearapia Ocupaciona,9788584041701,"57,00","28,50"
"Escravidão e política: Brasil e Cuba, c. 1790‐1850",9788579700347,"79,00","39,50"
"Escritas da História: circulação, leituras e recepções",9788584041374,"65,00","32,50"
"Escritas da história: ver, sentir, narrar",9788584040346,"58,00","29,00"
Espírito de época,9788564806047,"77,00","38,50"
Estado e sujeito: a saúde entre a macro e a micro política de drogas,9788584041589,"64,00","32,00"
Estratégias de inclusão da saúde mental na atenção básica: um movimento das marés,9788584040353,"48,00","24,00"
Estratégias educativas das elites brasileiras na era da globalização,9788564806719,"68,00","34,00"
Estratificação social e mobilizações políticas no processo de formação do estado nacio,9788560438457,"43,00","21,50"
Estrutura e dinâmica do Antigo Sistema Colonial (Séculos XVI‐XVIII),9788584041794,"40,00","20,00"
"Estudos de teoria da história e historiografia, volume I : teoria da história",9788560438686,"52,00","26,00"
"Estudos de teoria da história e historiografia, volume II : historiografia",9788584040094,"58,00","29,00"
"Estudos de teoria da história e historiografia, volume III : história luso‐brasileira",9788584041237,"84,00","42,00"
Ética nas pesquisas em ciências humanas e sociais na saúde,9788560438631,"59,00","29,50"
Eu fui soldado de Fidel: a autobiografia de Fidelina González,9788584040018,"40,00","20,00"
Eugênio Kusnet: do ator ao professor,9788584041763,"47,00","23,50"
Exploração sexual de crianças e adolescentes: interpretações plurais e modos de enfr,9788584041299,"75,00","37,50"
Explorando os entremeios: cultura e comunicação na literatura de João Guimarães Ro,9786586039306,"62,00","31,00"
Facetas do Império na História: conceitos e métodos,9788560438532,"58,00","29,00"
Fama Pública: poder e costume nas Minas setecentistas,9788564806399,"65,00","32,50"
"Filhos das Minas, americanos e portugueses: identidades coletivas na capitania das Mi",9788579700309,"57,00","28,50"
"Financiando o negócio de Pernambuco: produção colonial, comércio ultramarino e a e",9786586039542,"78,00","39,00"
"Fisioterapia e saúde coletiva: reflexões, fundamentos e desafios",9788564806931,"56,00","28,00"
Florestan Fernandes: interlúdio (1969‐1982),9788579700378,"53,00","26,50"
Fome de quê?: processos de criação teatral na rede pública de ensino de Salvador,9788584041466,"58,00","29,00"
Formação e educação permanente em sáude : processos e  Produtos no âmbito do m,9788584040940,"52,00","26,00"
Formação e educação permanente em saúde: processos e produtos no âmbito do me,9788584041367,"58,00","29,00"
Formação e educação permanente em saúde: Processos e produtos no âmbito do me,9786586039269,"74,00","37,00"
Formação em educação física & ciências do esporte: políticas e cotidiano,9788579700033,"46,00","23,00"
"Franco Rotelli, Ota de Leonardis, Diana Mauri | Desinstitucionalização",9788527101233,"42,00","21,00"
Georg Simmel arte e vida : ensaios de estética e sociologia,9788584040612,"53,00","26,50"
Geração de Oportunidades. O Papel dos programas de transferência de renda,9788560438969,"39,00","19,50"
Gildo Marçal Brandão: itinerários intelectuais,9788579700552,"66,00","33,00"
Globalização e estrutura urbana,9788527106337,"55,00","27,50"
Governar no Brasil Colonial : a administração de Luís da Cunha Meneses nas capitania,9788564806375,"57,00","28,50"
"Hipólito da Costa na Filadélfia : Imprensa, maçonaria e cultura política na viagem de u",9788579701030,"50,00","25,00"
História Cultural: Produção e Circulação do Conhecimento  |  Rosângela Patriota Ram,9788584041381,"54,00","27,00"
História da arte nipo‐brasileira,9788584041947,"80,00","40,00"
História da Clínica e a Atenção Básica,9788584040537,"46,00","23,00"
História da Saúde no Brasil,9788584041022,"78,00","39,00"
História das mulheres na natação brasileira no século XX: das adequações às resistênc,9788564806009,"78,00","39,00"
História de empresas no Brasil,9786586039726,"78,00","39,00"
História do pensamento econômico: pensamento econômico brasileiro,9788584042036,"70,00","35,00"
História Econômica da Primeira República,9788531406898,"69,00","34,50"
História econômica do Brasil: primeira república e era vargas,9786586039184,"70,00","35,00"
História Econômica: estudos e pesquisas,9788527106771,"60,00","30,00"
História Social da Criança Abandonada,9788584041893,"72,00","36,00"
"História, saúde coletiva e medicina",9788584041534,"59,00","29,50"
Historiografia e nova história. Capítulos para uma história das histórias da histotiograf,9788584041664,"76,00","38,00"
Hora de nossa hora,9788560438181,"42,00","21,00"
Hospital: Dor e Morte como Ofício,9788584040858,"49,00","24,50"
"Igual‐desigual: história e economia das desigualdades antes, durante e após a pande",9786586039665,"72,00","36,00"
Il Percorso Storico‐Estetico della Lingua e della Letteratura Italiana,9788564806924,"140,00","70,00"
"Imigração italiana em São Paulo (1880‐1889, 1902‐1914)",9788584041190,"76,00","38,00"
Indústria brasileira: origem e desenvolvimento | Wilson Suzigan,9786586039597,"77,00","38,50"
Infância e saúde: perspectivas históricas,9788579700095,"57,00","28,50"
Iniciação à direção teatral: sugestões práticas e aspectos teóricos,9788584041480,"47,00","23,50"
Institucionalização da sociologia no Brasil: primeiros manuais e cursos,9788579701085,"45,00","22,50"
Intercâmbio solidário de saberes em saúde: racionalidades médicas e práticas integrat,9788564806771,"52,00","26,00"
Intervenções em saúde mental: um percurso pela reforma psiquiátrica brasileira,9786586039344,"59,00","29,50"
Introdução aos fundamentos da matemática,9788527101837,"44,00","22,00"
Inventando a nação: Intelectuais ilustrados e estadistas luso‐brasileiros na crise do ant,9788527106917,"72,00","36,00"
"Investigação sobre cogestão, apoio institucional e apoio matricial no SUS",9788584041084,"55,00","27,50"
Itinerários de Asclépios : contribuição para o debate da gestão da clínica,9786586039719,"56,00","28,00"
Joaquim Nabuco na República,9788564806122,"53,00","26,50"
Julia ou a Nova HeloÃ‐sa,9788527102544,"98,00","49,00"
"Karl Marx e a Subjetividade Humana, volume I: a trajetória das ideias e conceitos nos t",9788584040117,"52,00","26,00"
"Karl Marx e a subjetividade humana, volume II : uma historia das ideias psicológicas n",9788584040124,"50,00","25,00"
"Karl Marx e a subjetividade humana, volume III : balanço de contribuições e qustões t",9788584040131,"53,00","26,50"
Latinidade da América Latina Enfoques Filosóficos e culturais,9788560438907,"85,00","42,50"
Latinidade da América Latina Enfoques sócio‐antropológicos,9788560438884,"50,00","25,00"
Leitura e Teatro: aproximação e apropriação do texto literário,9788584040834,"52,00","26,00"
Letramento Digital e Desenvolvimento: das afirmações às interrogações,9788579700828,"53,00","26,50"
Liberais e povo : a construção da hegemonia liberal‐moderada na província de Minas,9788560438662,"64,00","32,00"
Liberalismo autoritário. Discurso liberal e práxis autoritária na imprensa brasileira,9788579701153,"70,00","35,00"
Liberdade de informação e proteção ao sigilo de fonte: desafios constitucionais na era,9788584040889,"49,00","24,50"
Língua portuguesa renovada,9788579704039,"36,00","18,00"
Linguagem Pragmática & Ideologia,9788584040414,"54,00","27,00"
"Linguagem, Corpo e Estética na Educação",9786586039283,"54,00","27,00"
Linhagens do Pensamento Político Brasileiro,9788560438365,"50,00","25,00"
Literatura marginal e sua crítica,9788584041718,"70,00","35,00"
"Livros de devoção, atos de censura. Ensaios de história do livro e da leitura na Améric",9788527106535,"40,00","20,00"
Lógica indutiva e probabilidade,9788527101844,"44,00","22,00"
Luta subterrânea. O PCB em 1937‐1938,9788527105996,"69,00","34,50"
Lutas Sociais e Construção do Sus,9788584040629,"50,00","25,00"
Manual de práticas de atenção básica: saúde ampliada e compartilhada,9788560438785,"74,00","37,00"
Manual de saúde mental,9788584040872,"40,00","20,00"
Marinheiros de primeira leitura,9788527106566,"28,00","14,00"
Marxismo e Filosofia da Linguagem: problemas fundamentais do método sociológico,9788527100410,"54,00","27,00"
Masculino e feminino: a primeira vez: a análise de gênero sobre a sexualidade na adol,9788579701191,"56,00","28,00"
Massacre de Manguinhos: a ciência brasileira e o regime militar (1964‐1970),9786586039047,"51,00","25,50"
Matematização da linguística e natureza da linguagem,9788564806221,"47,00","23,50"
Medicalização do parto: saberes e práticas,9786586039733,"82,00","41,00"
Medicalização social e atenção à saúde no SUS,9788579700118,"55,00","27,50"
Medicina e sociedade: o médico e seu mercado de trabalho,9788579701214,"58,00","29,00"
Médicos Intérpretes do Brasil,9788584040285,"98,00","49,00"
Memória e trauma histórico: literatura e cinema,9788584041756,"58,00","29,00"
Memórias de um médico sanitarista que virou professor enquanto escrevia sobre...,9788560438358,"43,00","21,50"
Metamorfoses da Riqueza: São Paulo (1845‐1895),9788527101240,"40,00","20,00"
Metodologia das ciências humanas,9788527104654,"56,00","28,00"
Mídia e ambiente: estudos e ensaios,9788579700385,"58,00","29,00"
"Mídia, representação e democracia",9788579700316,"58,00","29,00"
MIGRACOES NA PAN‐AMAZONICA,9788564806115,"56,00","28,00"
Mostra de Práticas em Saúde Mental. Reconhecer o patrimônio da reforma psiquiátric,9788584040636,"40,00","20,00"
Movimento Cocaleiro na Bolívia,9788560438167,"35,00","17,50"
Mudanças sociais contemporâneas e saúde: estudo sobre teoria social e saúde públic,9788584041596,"68,00","34,00"
"Mundo novo, mesmo mundo: viajantes de língua alemã no Brasil (1893‐1942)",9788579701047,"65,00","32,50"
Nas fronteiras da educação física e das ciências humanas: itinerários,9788560438945,"38,00","19,00"
Nationalökonomie nos Trópicos: pensamento econômico alemão no Brasil (1889‐194,9786586039535,"78,00","39,00"
"Natural, racional, social: razão médica e racionalidade científica moderna",9788527106399,"49,00","24,50"
Negócio Público e Interesses Privados,9788527106849,"40,00","20,00"
No limiar dos Impérios. A fronteira entre a Capitania do Rio Negro e a Província de Ma,9788584041176,"88,00","44,00"
"",,"32,00",
"Nove, novena, noventa: ensaios sobre a obra de Osman Lins",9788584040971,"52,00","26,00"
Novos Horizontes em Sáude Mental,9788584042180,"79,00","39,50"
Novos saberes e práticas em saúde coletiva: estudos sobre racionalidades médicas e a,9788527106184,"44,00","22,00"
O  corpo recusado,9786586039320,"58,00","29,00"
"O ""Bairro Fala"". Conflitos, moralidades e justiça no conurbano bonaerense | Lucía Eilb",9788564806474,"60,00","30,00"
O apoio institucional no SUS: os dilemas da integração interfederativa e da cogestão,9788584041558,"45,00","22,50"
O apoio Paideia e suas rodas : reflexões sobre práticas em saúde,9788584041077,"74,00","37,00"
O ato do espectador : perspectivas artísticas e pedagógicas,9788584041114,"68,00","34,00"
O ato do espectador: perspectivas artísticas e pedagógicas,9786586039214,"70,00","35,00"
O Ator Dialético: 20 anos de aprendizado na Companhia do Latão,9788584041749,"64,00","32,00"
O Ator Vivo: Uma Abordagem Reichiana para a Arte do Ator,9788584040513,"45,00","22,50"
O Brasil Descobre a Pesquisa Científica: os museus e as ciências naturais no século XX,9788527104258,"70,00","35,00"
O Brasil e suas diferenças: uma leitura genética de Populações meridionais do Brasil,9788564806146,"48,00","24,00"
O Capsi e o desafio da gestão em rede,9788584040742,"58,00","29,00"
O Coletivo,9788560438990,"58,00","29,00"
O Consenso Forjado,9788527106719,"60,00","30,00"
O Desafio do Conhecimento: pesquisa qualitativa em saúde,9788527101813,"64,00","32,00"
O Desenvolvimento Regional Brasileiro: Questões em Debate,9788584040001,"57,00","28,50"
O Ensaio no Cinema: Formação de um quarto domínio das imagens na cultura audiovi,9788584040483,"75,00","37,50"
O ensino das práticas integrativas e complementares: experiências e percepções,9788579701115,"44,00","22,00"
O governo das almas: a expansão colonial no país dos tapuias (1651‐1798),9788584040827,"68,00","34,00"
O holocausto: história dos judeus na Europa na Segunda Guessa Mundial,9788579700170,"225,00","112,50"
O longo amanhecer do Sistema Único de Saúde: reflexões para o SUS reexistir,9786586039740,"45,00","22,50"
O lúdico na cultura solidária,9788527105743,"50,00","25,00"
O médico alienado: reflexões osbre a alienação do trabalho na atenção primária à saú,9788584041541,"55,00","27,50"
O médico e suas interações: a crise dos vínculos de confiança,9788560438655,"60,00","30,00"
O mercado de trabalho assalariado na agricultura brasileira,9788560438617,"57,00","28,50"
O método apoio como ferramenta de prevenção e enfrentamento da judicialização da,9786586039399,"54,00","27,00"
o Mito da Atividade Física e Saúde,9788584040681,"49,00","24,50"
O País da Utopia,9788584041411,"52,00","26,00"
"O Pensamento de Vigotsky: Contribuições, Desdobramentos e Desenvolvimento",9788564806726,"61,00","30,50"
O Planejamento no Labirinto: uma Viagem Hermenêutica,9788564806573,"54,00","27,00"
O Processo Colaborativo e Experiências de Companhias Teatrais Brasileiras,9788579700613,"51,00","25,50"
O processo decisório no Brasil: o caso da lei de responsabilidade fiscal,9788579701139,"56,00","28,00"
O projeto terapêutico e a mudança nos modos de produzir saúde,9788560438587,"48,00","24,00"
O que você precisa saber sobre residuos de medicamentos: manual básico,9788584041879,"50,00","25,00"
O Rio da Prata e a Consolidação do Estado Imperial,9788527106979,"50,00","25,00"
O SUS e suas crianças: (re)pensando demandas e questões para o serviço social,9786586039252,"70,00","35,00"
O Teatro como experiência pública,9788584041817,"68,00","34,00"
O Tempo Saquarema: a formação do estado imperial,9788584041138,"62,00","31,00"
O Trabalho em Saúde: olhando e experenciando o Sus no cotidiano. O debate no cam,9788527106146,"60,00","30,00"
O universo do indistinto: Estado e sociedade nas minas setecentistas (1735‐1808),9788527104173,"44,00","22,00"
OBLIGACION INTERNACIONAL DE PROTEGER O CABALLO DE TROYA? INTERVENCIONE,9788560438419,"40,00","20,00"
"Olhares femininos sobre o Islã: etnografias, metodologias e imagens",9788579700255,"62,00","31,00"
Olhares para a saúde de mulheres e crianças: reflexões na perspectiva das boas prátic,9788584042074,"68,00","34,00"
Olhares sobre a história: culturas sensibilidades sociabilidades,9788579700514,"54,00","27,00"
Olhares socioantropológicos sobre os adoecidos crônicos,9788527107051,"43,00","21,50"
Organizações sociais: agenda política e os custos para o setor público da saúde,9788584041442,"68,00","34,00"
Os adultos não alfabetizados e suas conceptualizações do sistema da escrita,9788564806139,"54,00","27,00"
Os coletivos criminais de Porto Alegre,9788584042173,"78,00","39,00"
Os Diários de Campo da Ilha de Búzios,9788527106191,"35,00","17,50"
Os Hospitais no Brasil,9788564806887,"50,00","25,00"
Os Mapas do Cuidado: o agir leigo na saúde,9788584040193,"48,00","24,00"
Osmar Rodrigues Cruz. Uma vida no teatro,9788527105606,"65,00","32,50"
Outro Modo de Interpretar o Brasil,9788584041312,"54,00","27,00"
Para a Reconstrução do desenvolvimento no Brasil: eixos estratégicos e diretrizes de p,9788579701146,"79,00","39,50"
Para Alimentar o Desejo de Teatro,9788584040605,"46,00","23,00"
Para tirar os Pés do Chão. Corrida e Associativismo,9788527104975,"25,00","12,50"
Passagens para uma teoria sociológica: Florestan Fernandes e Gino Germani,9788564806849,"60,00","30,00"
"Paulo Duarte, um quixote brasileiro",9788579700392,"54,00","27,00"
"",,"25,00",
Pedagogia do jogo teatral: uma poética do efêmero: o ensino do teatro na escola públ,9788579700408,"44,00","22,00"
Pedagogia do Teatro: provocação e dialogismo,9786586039207,"45,00","22,50"
Pedagogia e estética do teatro do oprimido: marcas da arte teatral na gestão pública,9788584040575,"58,00","29,00"
Pedagogia teatral como cuidado de si,9788579700415,"40,00","20,00"
Pedagogias do Desterro: Práticas de Pesquisa de Artes Cênicas,9786586039085,"86,00","43,00"
Pensamento Industrial Cinematográfico Brasileiro,9788564806092,"67,00","33,50"
Peões em cena: Grupo de Teatro Forja,9788579700910,"72,00","36,00"
Pequenos espetáculos da memória: registro cênico‐dramatúrgico de uma trupe de mu,9788560438273,"38,00","19,00"
Percepções amorosas sobre o cuidado em saúde: estórias da Rua Balsa das 10,9788584042012,"75,00","37,50"
Percursos irregulares,9788584041626,"58,00","29,00"
"Performances Culturais | Robson Correa de Camargo, Eduardo José Reinato, Heloísa S",9788579700965,"53,00","26,50"
Perplexidade na universidade: Vivência nos cursos de saúde,9788584040643,"60,00","30,00"
Pesquisa Avaliativa em saúde mental: desenho participativo e efeitos da narratividade,9788560438648,"74,00","37,00"
Pesquisar com os pés: deslocamentos no cuidado e na saúde,9788584042005,"59,00","29,50"
Planejamento Público e Gestão por Resultados: Uma experiência Municipal Aplicada,9788584040896,"64,00","32,00"
"Poder e palavra : discursos, contendas e direito de padroado em Mariana (1748‐1764)",9788579700835,"53,00","26,50"
"Poder, autonomia e responsabilização: promoção da saúde em espaços sociais da vida",9788579700637,"45,00","22,50"
Poesia não Vende,9788584040988,"54,00","27,00"
Política e Gestão Pública em Saúde,9788579700873,"150,00","75,00"
"Política racial, Estado e Forças Armadas na época da independência : Bahia, 1790‐185",9788579701108,"72,00","36,00"
Políticas de Imigração na França e nos Estados Unidos,9788560438150,"44,00","22,00"
Políticas e riscos sociais no Brasil e na Europa: convergências e divergências,9788584041398,"66,00","33,00"
"Políticas, tecnologias e práticas em promoção da saúde",9788584040902,"82,00","41,00"
Por uma Crítica da Promoção da Saúde: Condições e Potencialidades no Contexto do S,9788564806917,"67,00","33,50"
"Por uma possível história do sorriso: institucionalização, ações e representações",9788584041725,"78,00","39,00"
Práticas Corporais na Clínica Ampliada,9788584040674,"53,00","26,50"
Práticas e Saberes no Hospital Contemporâneo: o Novo Normal,9788584041282,"47,00","23,50"
Práticas Lúdicas na Formação Vocal em Teatro,9788584041848,"55,00","27,50"
Práxis e Formação Paideia: apoio e cogestão em saúde,9788564806795,"70,00","35,00"
Privados de la salud: las políticas de privatización de los sistemas de salud en Argentin,9788584041572,"70,00","35,00"
Promoção da Saúde e Gestão Local,9788584040360,"44,00","22,00"
Promoção da saúde: práticas grupais na estratégia saúde da família,9788579701160,"46,00","23,00"
Proteção Social: Dilemas e Desafios,9788527106740,"62,00","31,00"
Psicanálise e Saúde Coletiva: Interfaces,9788564806498,"50,00","25,00"
Psicologia e saúde: repensando práticas,9788527102087,"48,00","24,00"
Quando a História Encontra a Saúde,9786586039528,"74,00","37,00"
Quem tem medo da Geopolítica?,9788564806290,"50,00","25,00"
Quero falar de sonhos: textos críticos do autor anteriores a Avalovara,9788584040292,"47,00","23,50"
Questões de Literatura e de Estética,9788527100731,"69,90","34,95"
Raízes da música brasileira: uma introdução à história da música erudita no Brasil,9788579700859,"48,00","24,00"
Rebilitação Psicossocial no Brasil,9788584040841,"50,00","25,00"
Redes e Processos de Aprendizado,9788564806641,"64,00","32,00"
Regiões de saúde: diversidade e processo de regionalização em Mato Grosso,9788564806993,"88,00","44,00"
Reinventando a Vida: Narrativas de Recuperação e convivência com o transtorno men,9788584040155,"53,00","26,50"
"Religiões e o paradoxo apoio social — intolerância, e implicações na política de drogas",9788584041961,"69,00","34,50"
"Repensando o Desenvolvimentismo: estado, instituições e a construção de uma nova",9788584040599,"73,00","36,50"
Ressignificação Ambiental e Modernização Ecologica no Semiarido Brasileiro,9788584040247,"59,00","29,50"
Retratos da formação médica nos novos cenários de prática,9788564806054,"44,00","22,00"
Revisão do pensamento conservador : ideias e política no Brasil,9788579700767,"68,00","34,00"
Revolução e Guerra: formação de uma elite dirigente na Argentina criolla | Tulio Halp,9788564806368,"81,00","40,50"
Rimbaud etc ‐ Historia e Poesia,9788579700989,"50,00","25,00"
"Roger Bastide: recriações da sociedade, raça e religião no Brasil (1938‐1973)",9788564806344,"62,00","31,00"
Roteiro da Literatura do Timo‐Leste em Língua Portuguesa,9788584041404,"47,00","23,50"
Saberes e práticas na atenção primária à saúde : cuidado à população em situação de,9788584040438,"58,00","29,00"
Saúde Coletiva e Promoção da Saúde: Sujeito e Mudança,9788527106818,"54,00","27,00"
Saúde comunitária: pensar e fazer,9788560438563,"55,00","27,50"
Saúde da mulher na diversidade do cuidado na atenção básica,9788579701252,"58,00","29,00"
Saúde e atenção psicossocial em prisões : um olhar sobre o sistema prisional brasileir,9788584040865,"52,00","26,00"
"Saúde e desenvolvimento local: princípios, conceitos, práticas e cooperação técnica",9788527106856,"44,00","22,00"
Saúde e previdência: estudos de política social,9788584041268,"64,00","32,00"
"",,"27,00",
Saúde e Utopia: o Cebes e a Reforma Sanitária Brasileira (1976‐1986),9788584040476,"63,00","31,50"
Saúde Loucura 1,9788527104043,"40,00","20,00"
Saúde Loucura 2,9788527101301,"43,00","21,50"
Saúde Loucura 3,9788527101851,"40,00","20,00"
Saúde Loucura 5,9788527103848,"47,00","23,50"
Saúde Loucura 6,9788527103770,"51,00","25,50"
Saúde Loucura 7: Saúde Mental e Saúde da Família,9788527105491,"50,00","25,00"
Saúde Loucura 8,9788527106634,"52,00","26,00"
Saúde Paideia,9788527106085,"52,00","26,00"
"Saúde suplementar, biopolítica e promoção da saúde",9788579700897,"58,00","29,00"
"Saúde, desenvolvimento e território",9788579700040,"68,00","34,00"
"Saúde, desenvolvimento, ciência, tecnologia e inovação",9788564806542,"78,00","39,00"
"Saúde, ecologias e emancipação : conhecimentos alternativos em tempos de crise(s)",9786586039757,"48,00","24,00"
"Saúde, sociedade e cultura : ciências sociais e humanas para graduação em saúde",9788584041015,"58,00","29,00"
"Saúde, Sociedade e História",9788584041046,"73,00","36,50"
"Saúde, sociedade, protagonismos : incursões históricas",9788584041251,"68,00","34,00"
Saúde: a cartografia do trabalho vivo,9788527105804,"46,00","23,00"
SaúdeLoucura 10: Tessituras da clínica: Itinerários da Reforma Psiquiátrica,9788584041930,"59,00","29,50"
SaudeLoucura 4: grupos e coletivos,9788527102520,"55,00","27,50"
"Segurança internacional: práticas, tendências e conceitos",9788579700248,"57,00","28,50"
Semblantes da violência,9788584041527,"60,00","30,00"
"Semiótica, afecção e cuidado em saúde",9788579700590,"48,00","24,00"
Sempre existimos,9786586039337,"50,00","25,00"
Ser Branco no Copo e Além Dele,9788564806177,"50,00","25,00"
"Shakespeare enfarinhado: Teatro, jogo e aprendizagem",9788564806443,"39,00","19,50"
Signo e desterro : Sérgio Buarque de Holanda e a imaginação do Brasil,9788584040377,"57,00","28,50"
Sindicato e estado: suas relações nas formação do proletariado de São Paulo,9788564806184,"67,00","33,50"
"Sobre a pandemia: experiências, tempos & reflexões",9786586039672,"65,00","32,50"
Sobre rochedos movediços: deliberação e hierarquia no pensamento político de José,9788564806306,"79,00","39,50"
Stagium: As paixões da dança,9788527104906,"60,00","30,00"
"Sujeito, sociedade e tecnologia: a discursividade da rede (de sentidos)",9788564806191,"56,00","28,00"
Sujeitos e utopias nos movimentos antiglobalização,9788579700675,"51,00","25,50"
"Sujeitos, saberes e estruturas: uma introdução ao enfoque relacional no estudo da sa",9788579700101,"74,00","37,00"
Surdez e teatro : a encenação está em jogo uma experiência trans‐disciplinar no cenár,9788584040384,"57,00","28,50"
SUS: pacto federativo e gestão pública,9788560438310,"52,00","26,00"
SUS: ressignificando a promoção da saúde,9788527107105,"50,00","25,00"
Tal qual apanhei do pe: uma atriz do Lume em pesquisa,9788560438044,"50,00","25,00"
Teatro de invasão do espaço urbano: a cidade como dramaturgia,9788584040995,"52,00","26,00"
Teatro documentário: a pedagogia da não ficção,9788579700712,"42,00","21,00"
Teatro e prisão : dilemas da liberdade artística,9788560438280,"43,00","21,50"
Teatro e sociedade: a formação da plateia brasileira no século XIX,9788584041305,"40,00","20,00"
Teatro e universidade : cena. pedagogia. [dialogismo],9788584041695,"44,00","22,00"
Teatro em prisões e a crise global do encarceramento | Ashley E. Lucas,9786586039795,"68,00","34,00"
Teatro em trânsito: a pedagogia das interações no espaço da cidade,9788564806436,"43,00","21,50"
Teatro na Margem,9788584040568,"58,00","29,00"
Teatro vocacional e a apropriação da atitude épica/dialética,9788579700729,"48,00","24,00"
"Tecendo redes. Os planos da educação, cuidado e gestão na construção do SUS: a exp",9788564806511,"69,00","34,50"
"Técnicas que Fazem Uso da Palavra, do Olhar e da Empatia: Pesquisa Qualitativa em A",9788584042081,"42,00","21,00"
Temas de História Cultural,9788564806214,"67,00","33,50"
"Tempos cruzados: a saúde coletiva no estado de São Paulo, 1920‐1980",9786586039061,"76,00","38,00"
Tempos e espaços do desenvolvimento,9788584041619,"61,00","30,50"
Tempos turbulentos na saúde pública brasileira: impasses do financiamento no capital,9788564806764,"45,00","22,50"
Teoria Crítica e Modernidade Política | José Maurício Domingues,9786586039962,"75,00","37,50"
Teóricos das relações internacionais,9788564806238,"71,00","35,50"
Terapia ocupacional: em enfoque epistemiológico e social,9788527105972,"45,00","22,50"
"Tiradentes nem patriota, nem frade: memória e representação no Museu Paulista e n",9788584041787,"52,00","26,00"
"Trabalhar no SUS : gestão, repercussões psicossociais e política de proteção à saúde",9788584041220,"68,00","34,00"
Trabalho e padrão de desenvolvimento: uma reflexão sobre a reconfiguração do merc,9788584041206,"62,00","31,00"
Trabalho e sindicalismo no Brasil e na Argentina,9788564806467,"67,00","33,50"
"Trabalho, produção do cuidado e subjetividade em saúde: textos reunidos",9788564806863,"68,00","34,00"
"",,,"28,00"
"Trajetórias do Feminino em narrativas de Clarice Lispector, Simone de Beauvoir & Agn",9786586039375,"69,00","34,50"
Tratado de Saúde Coletiva,9788564806566,"240,00","120,00"
"Um método para análise e cogestão de coletivos: a constituição do sujeito, a produçã",9788527105316,"56,00","28,00"
Um sertão chamado Brasil,9788564806832,"66,00","33,00"
Um teatro que conta: a dramaturgia de Osman Lins,9788579701061,"46,00","23,00"
Uma arqueologia do apagamento: narrativas de desaparecimento Charrúa no Uruguai,9788584042043,"48,00","24,00"
Uma fenda na justiça: as inovações democráticas construídas na defensoria pública,9788579700804,"56,00","28,00"
Uma História da Desigualdade: a concentração de renda entre os ricos no Brasil (1926,9788584041732,"68,00","34,00"
Uma ou Várias? Identidades para o sanitarista!,9788584040728,"43,00","21,50"
Unidade básica: a saúde pública brasileira na TV,9786586039108,"68,00","34,00"
"Universidade, Preconceitos e Trotes",9788527106931,"53,00","26,50"
Utupismo Modernista,9788579700422,"68,00","34,00"
Vargas: o Capitalismo em Construção (1906‐1954),9788584040049,"77,00","38,50"
Velhos e Novos Males da Saúde no Brasil: de Geisel a Dilma,9788584040469,"77,00","38,50"
Veredas do tempo: ensaios analíticos de economia e administração política,9788584042111,"89,90","44,95"
Veto ao Modernismo no Teatro Brasileiro,9788584041183,"56,00","28,00"
Violência e juventude,9788579700354,"66,00","33,00"
Violência e saúde na diversidade dos escritos acadêmicos,9788564806702,"59,00","29,50"
"Violências e suas configurações: vulnerabilidades, injustiças e desigualdades sociais",9786586039160,"86,00","43,00"
"Vozes do Sul e Agenda Global: África do Sul, Brasil e Índia",9788564806078,"60,00","30,00"
Vulnerabilidades e Saúde: grupos em cena por visibilidade no espaço urbano,9788584041602,"85,00","42,50"
Walter Sidney Pereira Leser. Das análises clínicas à medicina preventiva e à saúde púb,9788579700187,"80,00","40,00"
