ISBN,DESCRIÇÃO,AUTOR,"PREÇODE CAPA","PREÇOCOMDESC.(50%)"
9788586590894,ABELARDO E HELOISA,JOSE CARLOS ESTEVAO,"R$   39,00","R$   19,50"
9786587017129,"CRÔNICAS, TAOKEY?",CARLOS EDUARDO NOVAES,"R$   39,90","R$   19,95"
9786586618235,INFIDELIDADES FINANCEIRAS,MARA LUQUET,"R$   45,00","R$   22,50"
9788584930319,"REPERCUSSAO GERAL: BALANCO EPERSPECTIVAS","CARVALHO FILHO, JOSE DOS SANTOS","R$   47,00","R$   23,50"
9788562938153,AÇÃO POLÍTICA EM HANNAH ARENDT,EDSON TELES,"R$   49,00","R$   24,50"
9786587017242,"BALADA POR ANITA GARIBALDI E OUTRASHISTÓRIAS CATA",DEONÍSIO DA SILVA,"R$   49,00","R$   24,50"
9788562938115,"FUNDAMENTOS DA TEORIA POLÍTICA DEROSSEAU",ROLF KUNTZ,"R$   49,00","R$   24,50"
9788562938146,"O CONCEITO DE SOBERANIA NA FILOSOFIAMODERNA",ALBERTO RIBEIRO GONÇALVES DE BARROS,"R$   49,00","R$   24,50"
9788562938122,O MAL,LUÍS CÉSAR OLIVA,"R$   49,00","R$   24,50"
9788562938139,SARTRE E O HUMANISMO,FRANKLIN LEOPOLDO E SILVA,"R$   49,00","R$   24,50"
9786587017150,O SINAL DA ÁGUIA,CARLOS NEJAR,"R$   49,90","R$   24,95"
9786586618426,TIRANOS,ERNANI BUCHMANN,"R$   49,90","R$   24,95"
9788584930791,"ATUACAO DA COMISSAO DE VALORESMOBILIARIOS, A","D'AVILA, DANIELA PERETTI","R$   51,00","R$   25,50"
9788584931392,CONTRATOS PUBLICOS E DIREITO PRIVADO....,KLEBER LUIZ ZANCHIM,"R$   54,00","R$   27,00"
9788584934072,AGENTES INFILTRADOS - 2 ED,"WOLFF, RAFAEL","R$   55,00","R$   27,50"
9788584933907,COMBINACAO DE NEGOCIOS,"JACOB, MAURO DA CRUZ","R$   55,00","R$   27,50"
9786587017068,DIAS CONTADOS,JOSÉ MATTOS,"R$   55,00","R$   27,50"
9788584933921,"LIMITES DA MULTA DEVIDA PORDESCUMPRIMENTO, OS","CRESTANI, WILLIAM ROBERTO","R$   55,00","R$   27,50"
9788562938276,A LIBERDADE EM SARTRE,THANA MARA DE SOUZA,"R$   59,00","R$   29,50"
9788562938269,A PAZ NA TEORIA POLITICA DE HOBBES,LÍGIA PAVAN BAPTISTA,"R$   59,00","R$   29,50"
9788586590740,BLAISE PASCAL CONVERSAO E APOLOGETICA,"GOUHIER, HENRI","R$   59,00","R$   29,50"
9788584933990,COMPLIANCE CONCORRENCIAL,"MARIO G. SCHAPIRO; SARAH MORGANNAMATOS","R$   59,00","R$   29,50"
9788594700070,"CONHECIMENTO CIENTIFICO, O - 1 ED","COSTA, NEWTON DA","R$   59,00","R$   29,50"
9788562937217,CRM (CUSTOMER RELATIONSHIP MANAGEMENT),LUIZ CLAUDIO ZENONE,"R$   59,00","R$   29,50"
9788562938252,DARWIN E A SELEÇÃO NATURAL,PEDRO PAULO PIMENTA,"R$   59,00","R$   29,50"
9788586590269,"DOS INFORTUNIOS DA IGUALDADE AO GOZO DALIBERDADE",CELIA GALVAO QUIRINO,"R$   59,00","R$   29,50"
9788586590672,EM BUSCA DE UM LUGAR AO SOL,IVO DA SILVA JUNIOR,"R$   59,00","R$   29,50"
9786556270401,"ENSINO JURIDICO E INOVACAO - DICASPRATICAS E EXPE","MARINA FEFERBAUM, CLIO NUDELRADOMYSLER","R$   59,00","R$   29,50"
9788586590191,ESSES LIVROS QUE SE LEEM COM UMA SO MAO,JEAN-MARIE GOULEMOT,"R$   59,00","R$   29,50"
9786587017327,FINANÇAS COM A FORMIGA EMÍLIA,MARA LUQUET; ELIANA CARDOSO,"R$   59,00","R$   29,50"
9788562938351,GOETHE,PEDRO FERNANDES GALÉ,"R$   59,00","R$   29,50"
9788562938245,ILUMINISMO,MARIA DAS GRAÇAS DE SOUZA; MILTON MEIRA,"R$   59,00","R$   29,50"
9788584935802,"LANCAMENTO POR HOMOLOGACAO EDECADENCIA",MARCOS DONIZETI SAMPAR,"R$   59,00","R$   29,50"
9786586618150,LIBERDADE POLÍTICA,ALBERTO RIBEIRO GONÇALVES DE BARROS,"R$   59,00","R$   29,50"
9786587017044,MEMORIAS DE UM CIRURGIAO-BARBEIRO,HEITOR ROSA,"R$   59,00","R$   29,50"
9788562937347,"MIDIA TRAINING- COMO USAR AS MIDIASSOCIAIS...",HERODOTO BARBEIRO,"R$   59,00","R$   29,50"
9786587019093,NEGOCIAÇÃO PLUG & PLAY,MARCELA CASTRO,"R$   59,00","R$   29,50"
9788586590818,NIETZSCHE ABAIXO DO EQUADOR,SCARLETT MARTON ORG.,"R$   59,00","R$   29,50"
9788586590504,NOVOS ESTUDOS HUMEANOS - ED.NACIONAL,JOAO PAULO MONTEIRO,"R$   59,00","R$   29,50"
9788598233451,PLATAO E A ARTE DE SEU TEMPO,"SCHUHL, PIERRE MAXIME","R$   59,00","R$   29,50"
9788586590665,"RAZAO EM EXERCICIO, A - 1 ED","NOVAES FILHO, MOACYR AYRES","R$   59,00","R$   29,50"
9788594700087,"REPUBLICANISMO INGLES - SIDNEY E ASEMANTICA DA L.","BARROS, ALBERTO RIBEIRO DE","R$   59,00","R$   29,50"
9786587017013,STEFAN ZWEIG DEVE MORRER,DEONÍSIO DA SILVA,"R$   59,00","R$   29,50"
9788586590962,TEMPO VERDADE E ACAO,"BARBOSA FILHO, BALTHAZAR","R$   59,00","R$   29,50"
9788584931262,OBRIGACOES ALTERNATIVAS,MARINA VESSONI LABATE LACAZ,"R$   60,00","R$   30,00"
9788584932863,CLÁUSULA DE ELEIÇÃO DE FORO ESTRANGEIRO,MILENA CECILIA DOS SANTOS ARBIZU,"R$   61,00","R$   30,50"
9788584931507,"CASO DO MATEMATICO HOMICIDA, O - 2 ED","RODRIGUEZ, VICTOR GABRIEL","R$   64,00","R$   32,00"
9788584931248,DIREITO PENAL DO INIMIGO E O TERRORISMO,"VALENTE, MANUEL MONTEIRO GUEDES","R$   64,00","R$   32,00"
9788584930487,"EMPRESAS SOCIAIS: UMA ABORDAGEMSOCIETARIA","SOUZA, ALINE GONCALVES DE","R$   64,00","R$   32,00"
9788584931514,"ESTABILIDADE DAS DECISOES NO CONTROLEDE CONST., A","THAMAY, RENNAN FARIA KRUGER","R$   64,00","R$   32,00"
9789896942182,"DA GESTAO TRADICIONAL A GESTAOCONTEMPORANEA",MANUEL ALBERTO RAMOS MACAES,"R$   64,35","R$   32,18"
9789896942267,"ESTRATEGIAS E PROCESSOS DE INTERN. - VOLVI",MANUEL ALBERTO RAMOS MACAES,"R$   64,35","R$   32,18"
9789896942328,"GESTAO FINANCEIRA, ORCAMENTACAO ECOMTR.- VOL.IX",MANUEL ALBERTO RAMOS MACAES,"R$   64,35","R$   32,18"
9789896942335,PESSOAS E GESTAO DE EQUIPAS - VOL. X,MANUEL ALBERTO RAMOS MACAES,"R$   64,35","R$   32,18"
9789896942243,"PLANEAMENTO, ESTRATEGIA E TOMADA DEDEC. - VOL IV",MANUEL ALBERTO RAMOS MACAES,"R$   64,35","R$   32,18"
9789896942199,VANTAGEM COMPETITIVA E CRIACAO DE VALOR,MANUEL ALBERTO RAMOS MACAES,"R$   64,35","R$   32,18"
9788584934010,"APLICABILIDADE E LIMITES DAS CLÁUSULAS DENAO CON.",ALEXANDRE DAVID SANTOS,"R$   65,00","R$   32,50"
"",DEADLOCK PROVISIONS - RESOLUCAO,,,,,
9788584932207,,MARCELO DOURADO COX,R$,"65,00",R$,"32,50"
"",CONTRATUAL DE CONF,,,,,
9788584932443,DIREITO TRIBUTARIO E HEURISTICAS,"TOMKOWSKI, FABIO GOULART",R$,"65,00",R$,"32,50"
9788562937194,ESTRATÉGIA BASEADA EM DESIGN,GUILHERME FOWLER A. MONTEIRO,R$,"65,00",R$,"32,50"
9789724027746,"MISSAO DE IBIAPABA, A","VIEIRA, PADRE ANTONIO",R$,"65,00",R$,"32,50"
9789724068121,PORTUGAL: TODAS AS CORES,"COELHO, RICARDO",R$,"65,40",R$,"32,70"
"","COMPUTAÇÃO, COMÉRCIO ELETRÔNICO E",,,,,
9788584932528,,ALICE M. C. S.; VITOR T. P. M.; MARIANA,R$,"66,00",R$,"33,00"
"",PRESTAÇÃO DE S.,,,,,
9786556272924,AGENTES INFILTRADOS - 3 ED,RAFAEL WOLFF,R$,"69,00",R$,"34,50"
9789899027411,ARSÈNE LUPIN,MAURICE LEBLANC,R$,"69,00",R$,"34,50"
"",ATEU VIRTUOSO MATERIALISMO MORAL EM,,,,,
9788586590429,,"PIVA, PAULO JONAS DE LIMA",R$,"69,00",R$,"34,50"
"","DIDEROT, O",,,,,
9788586590498,"BUSCA DA VERDADE, A","MALEBRANCHE, NICOLAS",R$,"69,00",R$,"34,50"
9788586590788,"DOM DA LEI KANT E O ENIGMA DA ETICA, O","ROGOZINSKI, JACOB",R$,"69,00",R$,"34,50"
"",ESTUDOS APLIC. DE DIREITO EMPRES - LL.C. 6,,,,,
9786556270760,,PAMELA ROMEU ROQUE,R$,"69,00",R$,"34,50"
"",ED,,,,,
"",ESTUDOS APLIC. DE DIREITO EMPRES - LL.C. ED,,,,,
9788584935062,,PAMELA ROMEU ROQUE,R$,"69,00",R$,"34,50"
"",4,,,,,
"",ESTUDOS APLIC. DE DIREITO EMPRES - LL.C. ED.,,,,,
9788584935666,,PAMELA ROMEU ROQUE,R$,"69,00",R$,"34,50"
"",5,,,,,
"",FALAR PARA LIDERAR - NINGUEM CHEGA LA,,,,,
9788562937415,,HERODOTO BARBEIRO,R$,"69,00",R$,"34,50"
"",SEM FALAR ..,,,,,
"",FUSOES E AQUISICOES - REGIME JURIDICO DO,,,,,
9788584935741,,VICTOR LYRA GUIMARAES LUZ,R$,"69,00",R$,"34,50"
"",AGIO,,,,,
9788586590771,HISTORIA E POLITICA EM MAQUIAVEL,"ARANOVITCH, PATRICIA FONTOURA",R$,"69,00",R$,"34,50"
"",INTERVENCAO JUDICIAL NA ADMINISTRACAO DE,,,,,
9788584934393,,"LUIS FELIPE SPINELLI,JOAO P.SCALZIL, ROD",R$,"69,00",R$,"34,50"
"",SOCIEDADE,,,,,
"",JULGAMENTO EM NOTRE DAME - A SAGA DE,,,,,
9786587017051,,HEITOR ROSA,R$,"69,00",R$,"34,50"
"",UMA MEDICA..,,,,,
"",JUSTICA - DOS SISTEMAS AS REDES.,"ALBERTO FEBBRAJO, FERNANDO RISTER DE",,,,
9786556270043,,,R$,"69,00",R$,"34,50"
"",PARADIGMAS DA MOD,SOU,,,,
9786586618679,MANUAL DE DEBATE POLÍTICO,KIM KATAGUIRI,R$,"69,00",R$,"34,50"
9786587019192,METANOIA LAB,ANDREA IORIO,R$,"69,00",R$,"34,50"
9788586590702,NIETZSCHE PENSADOR MEDITERRANEO,SCARLETT MARTON ORG.,R$,"69,00",R$,"34,50"
9786586618228,O FRACASSO DA DEMOCRACIA NO BRASIL,XICO GRAZIANO,R$,"69,00",R$,"34,50"
"",PLANEJAMENTO PATRIMONIAL E INVESTIMENTO,,,,,
9788584935734,,CAROLINA NINZOLLI SERIO,R$,"69,00",R$,"34,50"
"",EM IMÓVEIS,,,,,
9788586590795,"PRUDENCIA EM ARISTOTELES, A","AUBENQUE, PIERRE",R$,"69,00",R$,"34,50"
9788586590764,QUESTÕES DE FILOSOFIA CONTEMPORÂNEA,LUIZ DAMON SANTOS MOUTINHO,R$,"69,00",R$,"34,50"
9786587019215,RASTREÁVEL,RICARDO CAPPRA,R$,"69,00",R$,"34,50"
"",REVISAO CONTRATUAL E NEGOCIOS,,,,,
9788584934959,,PEDRO IVO GIL ZANETTI,R$,"69,00",R$,"34,50"
"",PROCESSUAIS,,,,,
"",SANCOES TRIBUTARIAS E OS PRINCIPIOS DA,,,,,
9788584936052,,MARIA DAS GRACAS PATROCINIO OLIVEIRA,R$,"69,00",R$,"34,50"
"",PROPORC..,,,,,
9786587017105,TERESA D AVILA,DEONÍSIO DA SILVA,R$,"69,00",R$,"34,50"
9786587017099,UM MINUTO,NEWTON CESAR,R$,"69,00",R$,"34,50"
9789899027480,VIAGEM PARA O MEDO,ERIC AMBLER,R$,"69,00",R$,"34,50"
9786586618419,A OESTE DO ÉDEN,MARTIN WILLE,R$,"69,90",R$,"34,95"
"",CONCEITO DE SERVICO E A CONST.,,,,,
9788563182616,,"CASQUET, PEDRO",R$,"70,00",R$,"35,00"
"","BRASILEIRA, O",,,,,
"",CONCENTRACAO POR AQUISICAO DE,,,,,
9788563182555,,"BERTINI, CYNTHIA",R$,"70,00",R$,"35,00"
"",CONTROLE,,,,,
9788584932122,CONFLITO DE INTERESSES NAS COMPANHIAS...,"VILELA, RENATO",R$,"70,00",R$,"35,00"
9788584931521,DANO MORAL COLETIVO,PAULO SERGIO UCHOA FAGUNDES FERRAZ,R$,"70,00",R$,"35,00"
"",ICMS E A TRIBUTACAO DO DOWNLOAD DE,,,,,
9788584932856,,"AMARAL, THIAGO ABIATAR LOPES",R$,"72,00",R$,"36,00"
"","SOFTWARES, O",,,,,
9788584932702,"OMBUDSMAN BANCARIO, O","CARDOSO, CESAR",R$,"72,00",R$,"36,00"
9788584934157,OS ACORDOS PARA A TROCA DE INF. FISCAIS,CAIO CESAR MORATO,R$,"72,00",R$,"36,00"
"",TRIBUTACAO DE SMART CARDS - O CONFLITO,,,,,
9788584934065,,"SANTOS, FELIPE GUERRA DOS",R$,"72,00",R$,"36,00"
"",DE COMPET..,,,,,
9788584931316,DO CONSÓRCIO,CARLOS HENRIQUE ABRÃO,R$,"73,00",R$,"36,50"
9788562937071,TECNOLOGIAS DA INFORMACAO E CO,LEANDRO ALVES DA SILVA,R$,"73,00",R$,"36,50"
9788584936175,DECISOES DO STF EM DIREITO A SAUDE,FERNANDO RISTER DE SOUSA LIMA,R$,"75,00",R$,"37,50"
"",NORMAS CONSTITUCIONAIS INCONST -,,,,,
9788563182005,,"BACHOF, OTTO",R$,"75,00",R$,"37,50"
"",9788563182005,,,,,
9788584934430,O CONSUMIDOR PERANTE O MERCADO,RAFAEL SOUZA VIANA,R$,"75,00",R$,"37,50"
9788584934447,O DIREITO AO ESQUECIMENTO NA INTERNET,ISABELLA Z. FRAJHOF,R$,"75,00",R$,"37,50"
9788563182166,TRANSPARENCIA DOS BANCOS,"BINNIE, RICARDO",R$,"75,00",R$,"37,50"
9789724413778,"IDEIA FENOMENOLOGIA, A","HUSSERL, EDMUND",R$,"75,47",R$,"37,74"
"",ESTUDOS APLIC. DE DIREITO EMPRES - LL.C. 3,,,,,
9788584934096,,PAMELA ROMEU ROQUE,R$,"76,00",R$,"38,00"
"",ED,,,,,
9788584930739,"ESBOCO DAS BIOGRAFIAS NO BRASIL, UM","LOPES, EDUARDO LASMAR PRADO",R$,"77,00",R$,"38,50"
"",ESTUDOS APLIC. DE DIREITO EMPRES - LL.C. 2,,,,,
9788584932573,,PAMELA ROMEU ROQUE,R$,"77,00",R$,"38,50"
"",ED,,,,,
9788584931415,LEI ANTICORRUPCAO - COMENTADA,"TEIXEIRA, TARCISIO; BATISTI, BEATRIZ",R$,"77,00",R$,"38,50"
"",PROVISIONAMENTO DE PROCESSOS JUDICIAIS,,,,,
9788584932191,,LUIS FELIPE DE FREITAS KIETZMANN,R$,"77,00",R$,"38,50"
"",E ADMINIST.,,,,,
"",RESPONSABILIDADE CIVIL DOS,,,,,
9788584934140,,EDUARDO MONTENEGRO DOTTA,R$,"77,00",R$,"38,50"
"",ADMINISTRADORES E GESTO,,,,,
9789898866882,A MELHOR MÃE DO MUNDO É A MINHA,MARTA SPÍNOLA,R$,"77,35",R$,"38,68"
"",CÓDIGO DE PROCESSO PENAL - EDIÇÃO,,,,,
9789724087146,,ALMEDINA,R$,"77,35",R$,"38,68"
"",UNIVERSITÁRIA 11,,,,,
9789724415680,PERSAS - 9789724415680,ESQUILO,R$,"77,35",R$,"38,68"
9786587017181,A CORUJA CEGA E OUTRAS HISTÓRIAS,SADEGH HEDAYAT,R$,"79,00",R$,"39,50"
9786586618112,A CULPA É DA EVA?,IARA CECÍLIA PAIVA,R$,"79,00",R$,"39,50"
"",CONTRATOS DE LONGO PRAZO E DEVER DE,,,,,
9788584931644,,"SCHUNCK, GIULIANA BONANNO",R$,"79,00",R$,"39,50"
"",COOPERACAO,,,,,
9788562938283,DO FASCISMO AO POPULISMO NA HISTÓRIA - BR,FEDERICO FINCHELSTEIN,R$,"79,00",R$,"39,50"
9789896946272,ESSENCIAIS DA GESTÃO,PETER F. DRUCKER,R$,"79,00",R$,"39,50"
"",ESTUDOS APLIC. DE DIREITO EMPRES -,,,,,
9788584935000,,MARIA ISABEL CARVALHO SICA LONGHI,R$,"79,00",R$,"39,50"
"",CONTRATOS 4 ED,,,,,
9788562937262,FUNDAMENTOS DO MARKETING ESTRATÉGICO,LUIZ CLAUDIO ZENONE,R$,"79,00",R$,"39,50"
9789724424514,HISTORIA DA IGREJA CATOLICA - 2ED,J. DEREK HOLMES; BERNARD W. BICKERS,R$,"79,00",R$,"39,50"
"",INCORPORACAO TRANSFRONTEIRICA A LUZ DO,,,,,
9788584934973,,DANIELA ARANHA DE ARAUJO,R$,"79,00",R$,"39,50"
"",DIREITO...,,,,,
"","IRMÃOS KOCH, THINK TANKS E COLETIVOS",,,,,
9786586618303,,CAROLINA RIEGER MASSETTI SCHIAVON,R$,"79,00",R$,"39,50"
"",JUVENIS,,,,,
9786586618365,O SUJEITO NA ERA DIGITAL,LEONARDO GOLDBERG; CLAUDIO AKIMOTO,R$,"79,00",R$,"39,50"
9786586618549,POR QUE O SOCIALISMO RUIU?,PAULO FAGUNDES VISENTINI,R$,"79,00",R$,"39,50"
"",RESPONSABILIDADE TRIBUTARIA E,,,,,
9788584934942,,"PEREIRA, LUCAS LOBO",R$,"79,00",R$,"39,50"
"",DESCONSIDERACAO DA..,,,,,
"",SESSOES DESCONTINUAS - LICOES DE,,,,,
9786586618037,,MARCOS SILVA,R$,"79,00",R$,"39,50"
"",HISTORIA ..VOL.2,,,,,
9789724424651,ZONAS DE BAIXA PRESSÃO,ANTÓNIO GUERREIRO,R$,"79,00",R$,"39,50"
9788562938443,DEMOCRACIA E MISÉRIA,HELENA ESSER DOS REIS,R$,"79,90",R$,"39,95"
9786586618211,O TIRANO E A CIDADE,NEWTON BIGNOTTO,R$,"79,90",R$,"39,95"
"",ASPECTOS JURIDICOS DA POS-NEGOCIACAO DE,,,,,
9788563182418,,"PEREIRA FILHO, VALDIR CARLOS",R$,"80,00",R$,"40,00"
"",ACOES,,,,,
9786586618327,O ESQUECIMENTO DE UMA ARTE,EDGAR LYRA,R$,"80,00",R$,"40,00"
"",DANO MORAL POR INADIMPLEMENTO,,,,,
9788584930951,,"BRAZ, ALEX TREVISAN",R$,"81,00",R$,"40,50"
"",CONTRATUAL,,,,,
"",DIREITO A PRIVACIDADE E A PROTECAO DOS,,,,,
9788584932788,,"BLUM, RITA PEIXOTO FERREIRA",R$,"81,00",R$,"40,50"
"","DADOS, O",,,,,
9788584930401,PATENTES DE SEGUNDO USO NO BRASIL,"LEITE, MARCIO DE OLIVEIRA JUNQUEIRA",R$,"81,00",R$,"40,50"
"",ICMS E O IPI NAS REORGANIZACOES,,,,,
9788584931408,,"GIGLIO, GUILHERME",R$,"82,00",R$,"41,00"
"","SOCIETARIAS, O",,,,,
9788584932085,PARECERES JURIDICOS - VOL.I,JOAQUIM BARBOSA,R$,"82,00",R$,"41,00"
"",UMA ARGUMENTACAO CONSEQUENCIALISTA NA,,,,,
9788584932290,,PAULA GONCALVES FERREIRA SANTOS,R$,"82,00",R$,"41,00"
"",SOLUCAO DE..,,,,,
"",ASPECTOS JURÍDICOS DO AMBIENTE,,,,,
9788584932832,,ANDRÉ ANTUNES SOARES DE CAMARGO,R$,"83,00",R$,"41,50"
"",EMPRESARIAL BR,,,,,
"",AUTONOMIA PRIVADA E A ANALISE ECONOMICA,,,,,
9788584932504,,RODRIGO FERNANDES REBOUÇAS,R$,"83,00",R$,"41,50"
"",DO CONTR,,,,,
9788584932511,COMPROPRIEDADE E SOCIEDADE,MARCELO BARBARESCO,R$,"83,00",R$,"41,50"
9788584932276,CONDIÇÃO SUSPENSIVA,FERNANDA MYNARSKI MARTINS-COSTA,R$,"83,00",R$,"41,50"
9788584932887,CONTRATOS ELETRÔNICOS - 2 ED,RODRIGO FERNANDES REBOUÇAS,R$,"83,00",R$,"41,50"
9788584932184,DIREITO POLICIAL MODERNO,"FILOCRE, LINCOLN D AQUINO",R$,"83,00",R$,"41,50"
9788584932092,FILOSOFIA DO DIREITO INTERNACIONAL,"POLIDO, FABRICIO B.; ROSA, THOMAS DA",R$,"83,00",R$,"41,50"
9788584932764,"NEGOCIOS JURIDICOS PROCESSUAIS, OS","CAMARA, HELDER MORONI",R$,"83,00",R$,"41,50"
"",PREVENCAO E SOLUCAO DE CONFLITOS EM,,,,,
9788584932221,,"TEIXEIRA, VANESSA FERRARI",R$,"83,00",R$,"41,50"
"",CONSORCIOS EMP,,,,,
9789724085524,CADEIA DE CUSTODIA DA PROVA 2ED.,MANUEL MONTEIRO GUEDES VALENTE,R$,"83,85",R$,"41,93"
"",COMPETÊNCIAS CRUCIAIS PARA GESTORES,,,,,
9789896941109,,JORGE BERTRA,R$,"83,85",R$,"41,93"
"",INTERNACIONAIS,,,,,
9789724415307,INTRODUCAO A PSICANALISE - FRE,"HAAR, MICHEL",R$,"83,85",R$,"41,93"
9789898866691,NICO - O UNICÓRNIO,NATALINA CÓIAS,R$,"83,85",R$,"41,93"
9789724414225,NIETZSCHE - GILLES DELEUZE,GILLES DELEUZE,R$,"83,85",R$,"41,93"
9789899027336,O DRAGÃO TRAPALHÃO,ISABEL RICARDO,R$,"83,85",R$,"41,93"
9789724414300,O NASCIMENTO DO TEMPO,ILYA PRIGOGINE,R$,"83,85",R$,"41,93"
9789898866165,O PRIMEIRO DIA DE AULAS,"CARVALHO, CELIA BARRETO",R$,"83,85",R$,"41,93"
9789899027312,O QUE VEEM AS ESTRELAS,NUNO CAMARNEIRO,R$,"83,85",R$,"41,93"
9789898866684,QUE GRANDE SUSTO!,MARIA INÊS ALMEIDA,R$,"83,85",R$,"41,93"
"",O QUE A CRISE DO SUBPRIME ENSINOU AO,,,,,
9788584930661,,"MATTOS, EDUARDO DA SILVA",R$,"85,00",R$,"42,50"
"",DIREITO?,,,,,
"",ESTRATEGIA ORGANIZACIONAL E,,,,,
9789724047270,,"COSTA, RENATO LOPES DA",R$,"86,00",R$,"43,00"
"",OUTSOURCING,,,,,
"",DIREITO CONSTITUCIONAL - ORGANIZACAO DO,,,,,
9788584934034,,"MELGARE, PLINIO",R$,"88,00",R$,"44,00"
"",ESTADO BRA,,,,,
9789724403892,INGLATERRA REVISITADA,"SENA, JORGE DE",R$,"88,00",R$,"44,00"
"","LEGALIDADE, EFICACIA E IMPLICACOES",,,,,
9788584932870,,"OURIQUES, PAOLLA",R$,"88,00",R$,"44,00"
"",SOCIETARIAS,,,,,
"",MARGENS ALTERNATIVAS EM PREÇOS DE,,,,,
9788584933983,,FELIPE CERRUTTI BALSIMELLI,R$,"88,00",R$,"44,00"
"",TRANSFERÊNCIA,,,,,
9788584932894,RECUPERACAO JUDICIAL DE EMPRESAS,"VAZ, JANAINA MESQUITA",R$,"88,00",R$,"44,00"
9789896940409,SABER TRABALHAR MELHOR  - 2013,"GOULSTON, MARK",R$,"88,00",R$,"44,00"
"",A CONVENÇÃO DE VIENA E SEUS REFLEXOS NO,,,,,
9788584934904,,LÍGIA ESPOLAOR VERONESE,R$,"89,00",R$,"44,50"
"",DIREITO BR,,,,,
9788562938108,CASAMENTO E SEPARAÇÃO,"CARUSO, MARA REGINA FERNANDES",R$,"89,00",R$,"44,50"
"",DELIMITAÇÃO DA INDENIZAÇÃO EM OPERAÇÕES,,,,,
9786556270692,,CARLA PAVESI GORESCU,R$,"89,00",R$,"44,50"
"",DE FUSÕES,,,,,
"","DOIS IMPEACHMENTS, DOIS ROTEIROS - OS",,,,,
9786556271156,,ANTONIO CAPUZZO MEIRELES FILHO,R$,"89,00",R$,"44,50"
"",CASOS COLLOR,,,,,
9786586618396,EDUCAÇÃO PÓS-PANDEMIA,DANILO OLEGARIO,R$,"89,00",R$,"44,50"
"","EMILIE, EMILIE - A AMBICAO FEMININA NO",,,,,
9788586590481,,ELISABETH BADINTER,R$,"89,00",R$,"44,50"
"",SECULO XVII,,,,,
9786556270630,FRAUDE NO COMÉRCIO EXTERIOR,MARCELLE SILBIGER DE STEFANO,"R$   89,00","R$   44,50"
9788584934997,GRANDES TEMAS DO DIREITO BRASILEIRO,ANA CRISTINA KLEINDIENST,"R$   89,00","R$   44,50"
9788584934768,INTRODUCAO AS CIENCIAS POLICIAIS,"PEREIRA, ELIOMAR DA SILVA","R$   89,00","R$   44,50"
9786586618297,INTRODUÇÃO AO LIBERALISMO,LUCAS BERLANZA,"R$   89,00","R$   44,50"
9786556271521,"MÉTODOS DE ENSINO EM DIREITO - CONCEITOSPARA UM D",JOSÉ GARCEZ GHIRARDI,"R$   89,00","R$   44,50"
9788562938467,NÊUMANNE ENTREVISTA – VOL. 1,JOSÉ NÊUMANNE PINTO,"R$   89,00","R$   44,50"
9788562938481,NÊUMANNE ENTREVISTA – VOL. 2,JOSÉ NÊUMANNE PINTO,"R$   89,00","R$   44,50"
9786556271071,"O ARGUMENTO FINANCEIRO E A MODULAÇÃODE EFEITOS NO",GUILHERME VILLAS BÔAS E SILVA,"R$   89,00","R$   44,50"
9786556270685,QUEM TEM MEDO DO PROCESSO COLETIVO?,ANDRÉA PIMENTEL DE MIRANDA,"R$   89,00","R$   44,50"
9788586590870,QUESTOES DISPUTADAS DE METAFISIA,RAUL LANDIM,"R$   89,00","R$   44,50"
9788562938399,"SESSOES DESCONTINUAS - LICOES DEHIST,NOCIN. VOL 1",MARCOS SILVA,"R$   89,00","R$   44,50"
9788584934966,SIGILO BANCÁRIO,ANDRÉA PIMENTEL DE MIRANDA,"R$   89,00","R$   44,50"
9788584934980,SOCIEDADES LIMITADAS,FELIPE LOURENÇO MOURA LIMA,"R$   89,00","R$   44,50"
9786556270814,"TEORIA DA BASE OBJETIVA DO NEGÓCIOJURÍDICO",TAMIRIS VILAR BRUFATTO,"R$   89,00","R$   44,50"
9788562937095,"MUNDO E PEQUENO, O - PRODUZIDO","CUNHA, MIGUEL PINA E","R$   90,00","R$   45,00"
9788584932153,NAMING RIGHTS DE BENS PUBLICOS,LUIS FELIPE SAMPAIO,"R$   90,00","R$   45,00"
9789896940331,"100 INDICADORES DA GESTAO KEY PERFINDICATORS","CALDEIRA, JORGE","R$   90,35","R$   45,18"
9789896943141,A ERA DOS SUPER-HUMANOS - ED 2018,PAULA MARQUES; RICARDO CAYOLLA,"R$   90,35","R$   45,18"
9789724415987,ANTROPOLOGIA SOCIAL - REEDIÇÃO,E.E.EVANS PRITCHARD,"R$   90,35","R$   45,18"
9789724416731,CONCEPCOES DA JUSTICA,"ROSAS, JOAO CARDOSO","R$   90,35","R$   45,18"
9789724418926,"FILOSOFIA DA EDUCACAO, A","REBOUL, OLIVIER","R$   90,35","R$   45,18"
9789724417714,NAO HA MAPA COR-DE-ROSA - A HISTORIA...,"FERREIRA, JOSE MEDEIROS","R$   90,35","R$   45,18"
9789724050454,O MISTÉRIO DO COOPERATIVISMO,RUI NAMORADO,"R$   90,35","R$   45,18"
9789724421896,O TEATRO ANTIGO - ED 2019,PIERRE GRIMAL,"R$   90,35","R$   45,18"
9789724413792,"ORIGEM DA OBRA DE ARTE, A - ED 2018",MARTIN HEIDEGGER,"R$   90,35","R$   45,18"
9789896940362,CAPITAL DE RISCO,"CAETANO, PAULO","R$   91,00","R$   45,50"
9789724048758,GLORIA E TRAGEDIA DE GORBATCHOV,"AMARAL, DIOGO FREITAS DO","R$   91,00","R$   45,50"
9788563182661,MANUAL DE DIREITO ECONOMICO E FINANCEIRO,JANAHIM DIAS FIGUEIRA,"R$   91,00","R$   45,50"
9789724016153,PESSOA E A PSICANALISE,"MARTINHO, JOSE","R$   91,00","R$   45,50"
9789724415895,"FILOSOFIA NA IDADE TRAGICA DOS GREGOS, A",FRIEDRICH NIETZSCHE,"R$   92,00","R$   46,00"
9789896941116,MARKETING LATERAL,"KOTLER, PHILIP; BES, FERNANDO TRIAS DE","R$   92,00","R$   46,00"
9789724423838,"FUNDAMENTAÇÃO DA METAFÍSICA DOSCOSTUMES",IMMANUEL KANT,"R$   93,02","R$   46,51"
9788584930456,"ATUACAO DO EST. NA ECON. COMO ACIONISTAMIN., A","GUEDES, FILIPE MACHADO","R$   94,00","R$   47,00"
9788584932689,CONTRATO PRELIMINAR,FABIO P. ALEM,"R$   94,00","R$   47,00"
9788584932139,"CONTRIBUICAO PREVIDENCIARIA SOBRE ARECEITA BRUTA","CASSEB, DIEGO FILIPE","R$   94,00","R$   47,00"
9788584932016,"CRIMINALIDADE ORGANIZADA - INVESTIGACAO,DIREITO E","ELIOMAR PEREIRA, GUILHERMEWERNER,MANUEL","R$   94,00","R$   47,00"
9788584931699,"ESTUDOS APLIC. DE DIREITO EMPRES - LL.C. 1ED",PAMELA ROMEU ROQUE,"R$   94,00","R$   47,00"
9788584931750,"ESTUDOS APLIC. DE DIREITO EMPRES -MERCADOS 1 ED",PAMELA ROMEU ROQUE,"R$   94,00","R$   47,00"
9788584932580,"ESTUDOS APLIC. DE DIREITO EMPRES -MERCADOS 2 ED",PAMELA ROMEU ROQUE,"R$   94,00","R$   47,00"
9788584934164,"FINANCIAMENTO DAS EMPRESAS NO BRASIL, O","ADDONO, RAPHAEL ENRICO","R$   94,00","R$   47,00"
9788584932597,"IMPORTACAO PARALELA DE PATENTES NOBRASIL, A","KLEINDIENST, ANA CRISTINA","R$   94,00","R$   47,00"
9788562937002,"MEU EU E OUTROS TEMAS IMPORTANTES, O",CHARLES HANDY,"R$   94,00","R$   47,00"
9788562937064,PESSOAS E GESTAO: UMA PARCERIA,"MALSCHITZKY, NANCY","R$   94,00","R$   47,00"
9788584930098,"REGIME JURID. DA EXPULSAO DE ESTRANG. NOBRASIL, O","PARDI, LUIS VANDERLEI","R$   94,00","R$   47,00"
9788584932351,"RESPONSABILIDADE DO COTISTA DE FUNDO DEINVEST., A","MARTINS NETO, CARLOS","R$   94,00","R$   47,00"
9788584932627,"RELATIVISMO, UNIVERSALISMO E JUSTICADISTRIBUTIVA",MARCELLO CIOTOLA,"R$   95,00","R$   47,50"
9789724048208,DICIONARIO DAS CRISES E DAS ALTERNATIVAS,VÁRIOS,"R$   96,00","R$   48,00"
9789724040813,DIREITO DE SEGURANCA PUBLICA,"FILOCRE, LINCOLN D'AQUINO","R$   96,00","R$   48,00"
9789724033044,ELISAO FISCAL,"FURLAN, ANDERSON","R$   96,00","R$   48,00"
9788563182388,"GERENCIAMENTO E CONTROLE DA AGUA DELASTRO E RESP.","IBRAHIN, FABIO JOSE","R$   96,00","R$   48,00"
9789896941512,GRANDES SOLUCOES DE NEGOCIOS,"WEISS, ANTONIO E.","R$   96,00","R$   48,00"
9789898101129,"LEIS NAO ESCRITAS DA GESTAO, AS","SKAKOON, JAMES G.; KING, W. J.","R$   96,00","R$   48,00"
9789724046662,MUDAR DE VIDA,"ALMEIDA, DALILA PINTO DE","R$   96,00","R$   48,00"
9789724047119,STEVE JOBS NAS SUAS PROPRIAS PALAVRAS,"BEAHM, GEORGE","R$   96,00","R$   48,00"
9789724414737,ANOTAÇÕES SOBRE AS CORES,LUDWIG WITTGENSTEIN,"R$   96,85","R$   48,43"
9789724076461,"AQUISIÇÃO DE EMPRESAS E DEPARTICIPAÇÕES ACIONISTA",CATARINA MONTEIRO PIRES,"R$   96,85","R$   48,43"
9789724091952,"CHARACTERS AND FIGURES - CONCEPTUAL ANDCRITICAL A",CARLOS REIS; SARA GRÜNHAGEN,"R$   96,85","R$   48,43"
9789896945947,UM MANUAL DE COMO CONSTRUIR O FUTURO,PEDRO ALVITO,"R$   96,85","R$   48,43"
9788584932696,CROWDFUNDING - NATUREZA REGIME JURIDICO,"COELHO, CAIO SASAKI GODEGUEZ","R$   98,00","R$   49,00"
9788563182852,"EMPRESA E O VALOR DO TRABALHO HUMANO, A- 2 ED","MARTINS, MARCOS MADEIRA DE MATTOS","R$   98,00","R$   49,00"
9788584930081,"TRIBUTACAO DO COMERCIO ELETRONICO NOSEUA E UE, A","ALMEIDA, DANIEL FREIRE E","R$   98,00","R$   49,00"
"",A CLÁUSULA SHOTGUN (BUY OR SELL) EM,,,,,
9786556271439,,GABRIELA ALVES MENDES BLANCHET,"R$99,00",,R$,"49,50"
"",ACORDOS DE ACI,,,,,
"",A CONSTITUIÇÃO CANÔNICA E OS DIREITOS,,,,,
9786556272467,,MARIA GARCIA,"R$99,00",,R$,"49,50"
"",HUMANOS FUND,,,,,
9789724028491,A SUJEIÇÃO DAS MULHERES,JOHN STUART MILL,"R$99,00",,R$,"49,50"
"",A VIDA ÍNTIMA DAS FRASES E OUTRAS,,,,,
9786586618105,,DEONÍSIO DA SILVA,"R$99,00",,R$,"49,50"
"",SENTENÇAS,,,,,
9786556272269,ACORDOS ADMINISTRATIVOS,GABRIEL MACHADO,"R$99,00",,R$,"49,50"
9788584935673,ALGORITMOS E O DIREITO,PAULO VICTOR ALFEO REIS,"R$99,00",,R$,"49,50"
"",ASPECTOS RELEVANTES DA COBRANCA DE,,,,,
9788584936304,,BEIJANICY FERREIRA DA CUNHA ABADIA VALIM,"R$99,00",,R$,"49,50"
"",ICMS SOBRE...,,,,,
"","BALTICO - A HISTORIA DA ESTONIA, LETONIA E",,,,,
9786586618006,,ERICK REIS GODLIAUSKAS ZEN,"R$99,00",,R$,"49,50"
"",LITUANI,,,,,
"","CONSTITUIÇÃO, LEI PENAL E CONTROLO DE",,,,,
9788584935987,,MARIA JOÃO ANTUNES,"R$99,00",,R$,"49,50"
"",CONSTITUCION,,,,,
"",CONTABILIDADE E GESTAO DE UNIDADES DE,,,,,
9786587019000,,CLOVIS LUIS PADOVEZE; EDUARDO VIEIRA DO,"R$99,00",,R$,"49,50"
"",NEGOCIO,,,,,
"","CONTRATOS DE FRANQUIA - ORIGEM,",,,,,
9786556271231,,TATIANA DRATOVSKY SISTER,"R$99,00",,R$,"49,50"
"",EVOLUÇÃO LEGI.,,,,,
9786556271323,CONVENÇÃO DE ARBITRAGEM,RENATO FERNANDES COUTINHO,"R$99,00",,R$,"49,50"
"",CRIMES TRIBUTARIOS - EXTINCAO DA,,,,,
9788584935680,,RODRIGO LUIS ZIEMBOWICZ,"R$99,00",,R$,"49,50"
"",PUNIBILIDADE...,,,,,
9786586618143,DAS COISAS AO REDOR,MARCOS BECCARI,"R$99,00",,R$,"49,50"
"",DIREITO A SAUDE E QUALIDADE DOS,,,,,
9789724041803,,"MACHADO, JONATAS E. M.; RAPOSO, VERA L.","R$99,00",,R$,"49,50"
"",MEDICAMENTOS,,,,,
9786556273532,DIREITO GLOBAL,SALEM NASSER,"R$99,00",,R$,"49,50"
9788584935345,DIREITOS SOCIAIS,THIAGO DOS SANTOS ACCA,"R$99,00",,R$,"49,50"
9786586618259,EDUCAÇÃO E ÉTICA NA MODERNIDADE,CARLOTA BOTO,"R$99,00",,R$,"49,50"
"",ESTUDOS APLIC. DE DIREITO EMPRES -,,,,,
9788584932542,,RODRIGO FERNANDES REBOUÇAS,"R$99,00",,R$,"49,50"
"",CONTRATOS 2 ED,,,,,
"",ESTUDOS APLIC. DE DIREITO EMPRES -,,,,,
9788584931705,,"KLEINDIENST, ANA CRISTINA","R$99,00",,R$,"49,50"
"",SOCIETARIO 1 ED,,,,,
"",ESTUDOS APLIC. DE DIREITO EMPRES -,,,,,
9788584935017,,"KLEINDIENST, ANA CRISTINA","R$99,00",,R$,"49,50"
"",SOCIETARIO 4 ED,,,,,
"",ESTUDOS APLIC. DE DIREITO EMPRES -,,,,,
9788584935642,,ANA CRISTINA KLEINDIENST,"R$99,00",,R$,"49,50"
"",SOCIETÁRIO ED 5,,,,,
"",ESTUDOS APLIC. DE DIREITO EMPRES -,,,,,
9788584932559,,"BRAGA, REGIS FERNANDO DE RIBEIRO","R$99,00",,R$,"49,50"
"",TRIBUTARIO 2 ED,,,,,
"",ESTUDOS APLIC. DE DIREITO EMPRES -,,,,,
9788584935024,,"BRAGA, REGIS FERNANDO DE RIBEIRO","R$99,00",,R$,"49,50"
"",TRIBUTARIO 4 ED,,,,,
9789724424255,EXISTENCIALISMO - UMA INTRODUÇÃO,KEVIN AHO,"R$99,00",,R$,"49,50"
9788562937354,FUNDAMENTOS DA MACROECONOMIA,EDSON PETERLI GUIMARAES,"R$99,00",,R$,"49,50"
"",GEORGE ORWELL - BIOGRAFIA INTELECTUAL DE,,,,,
9789724420615,,JACINTA MARIA MATOS,"R$99,00",,R$,"49,50"
"",UM GUERR,,,,,
"",GOVERNANÇA CORPORATIVA EM EMPRESAS,,,,,
9786556271576,,LIANA ISSA LIMA,"R$99,00",,R$,"49,50"
"",ESTATAIS LISTAD,,,,,
9788584935369,INCENTIVOS FISCAIS NO SETOR AUTOMOTIVO,CASSIUS VINICIUS DE CARVALHO,"R$99,00",,R$,"49,50"
9786556270906,INTELIGÊNCIA ARTIFICIAL E DIREITO,FAUSTO MARTIN DESANCTIS,"R$99,00",,R$,"49,50"
9786586618082,MIL E UMA PALAVRAS DE DIREITO,DEONÍSIO DA SILVA,"R$99,00",,R$,"49,50"
9786586618563,O DIREITO AO ÓCIO,JOSÉ MANUEL DE SACADURA ROCHA,"R$99,00",,R$,"49,50"
"",O TRIBUNAL DE CONTAS DA UNIÃO E A,,,,,
9786556273266,,LUDIMILA SANTOS DERBLI,"R$99,00",,R$,"49,50"
"",INDÚSTRIA DO PET,,,,,
"",OBSTÁCULOS AO FINANCIAMENTO DE,,,,,
9786556271545,,GABRIELA ANDRADE GÓES,"R$99,00",,R$,"49,50"
"",PEQUENAS E MÉDIAS,,,,,
"",ONEROSIDADE EXCESSIVA E DESEQUILÍBRIO,,,,,
9786556271132,,MARCOS DE ALMEIDA VILLAÇA AZEVEDO,"R$99,00",,R$,"49,50"
"",CONTRATUAL S,,,,,
9788584935321,PAGAMENTO INDEVIDO,FABIO CALHEIROS DO NASCIMENTO,"R$99,00",,R$,"49,50"
"",PARA ALÉM DA PRÁTICA EMPREENDEDORA NO,,,,,
9786587019109,,JANAYNNA DE MOURA FERRAZ,"R$99,00",,R$,"49,50"
"",CAPITALISMO,,,,,
9786587019130,PARCERIAS PÚBLICO-PRIVADAS,BERNARDO MEYER,"R$99,00",,R$,"49,50"
"",PRECEDENTES VINCULANTES EM MATÉRIA,,,,,
9786556271200,,VICTOR AUGUSTO DE FARIA MORATO,"R$99,00",,R$,"49,50"
"",TRIBUTÁRIA,,,,,
9786556272030,PROTEÇÃO DE DADOS E COMPLIANCE DIGITAL,CLAUDIO JOEL BRITO LÓSSIO,"R$99,00",,R$,"49,50"
"","PROTEÇÃO DE DADOS, COMPLIANCE E INSIDER","FERNANDO RISTER DE SOUSA LIMA,",,,,
9786556272115,,,"R$99,00",,R$,"49,50"
"",TRADING,GIANPAOLO,,,,
"",RELAÇÃO DE FRANQUIA NO MUNDO,,,,,
9786556271729,,MARINA NASCIMBEM BECHTEJEW RICHTER,"R$99,00",,R$,"49,50"
"",EMPRESARIAL E AS TEN,,,,,
9788584935727,TRIBUTAÇÃO DA ATIVIDADE RURAL,BEN-HUR CARVALHO CABRERA MANO FILHO,"R$99,00",,R$,"49,50"
9788584935611,TUTELA DA EVIDENCIA,PAULO GUILHERME MAZINI,"R$99,00",,R$,"49,50"
9788562937316,VAREJO EM POLOS DE RUA,"PARENTE, JURACY; BRANDAO, MARCELO MOLL","R$99,00",,R$,"49,50"
"",APLICABILIDADE DA LEI FEDERAL DE PROCESSO,,,,,
9788584932344,,BRUNO SANTOS CUNHA,"R$ 101,00",,R$,"50,50"
"",ADMINIST,,,,,
"",NEGOCIOS INTERNAC. E SUAS APLICACOES NO,,,,,
9788562937132,,GLERIANI TORRES C.FERREIRA; ZILDA MENDES,"R$ 102,00",,R$,"51,00"
"",BR - 1 ED,,,,,
9788584932610,CONTRATO DE ALIANÇA,LEONARDO TOLEDO DA SILVA,"R$ 103,00",,R$,"51,50"
9789724421315,ETICA APLICADA - NOVAS TECNOLOGIAS,MARIA DO CEU PATRAO NEVES,"R$ 103,35",,R$,"51,68"
9789724419541,ETICA APLICADA - POLITICA,"MARIA DO CEU PATRAO NEVES, ANTONIO COST","R$ 103,35",,R$,"51,68"
"",,"MARIA DO CEU PATRAO NEVES, JORGE",,,,
9789724419558,ETICA APLICADA - SAUDE,,"R$ 103,35",,R$,"51,68"
"",,MANUEL,,,,
"",INVESTIGAÇÃO SOBRE O ENTENDIMENTO,,,,,
9789724423791,,DAVID HUME,"R$ 103,35",,R$,"51,68"
"",HUMANO,,,,,
9789724421063,LOGICA ELEMENTAR,DESIDÉRIO MURCHO,"R$ 103,35",,R$,"51,68"
9789724070216,MOOT COURTS,FRANCISCO PEREIRA COUTINHO,"R$ 103,35","R$   51,68"
9789724414980,O DISCURSO DA ACAO,PAUL RICOEUR,"R$ 103,35","R$   51,68"
9789724077673,"QUESTOES FUNDAMENTAIS DE DIREITO PENALDA EMPRESA",SUSANA MARIA AIRES DE SOUSA,"R$ 103,35","R$   51,68"
9789724415734,TEORIA DA INTERPRETACAO - 9789724415734,PAUL RICOEUR,"R$ 103,35","R$   51,68"
9789724039190,APRENDER A LER E AVALIAR A LEITURA - ED 2,"SUCENA, ANA; CASTRO, SÃO LUIS","R$ 104,00","R$   52,00"
9789724037226,"DICIONARIO INTERNACIONAL DA OUTRAECONOMIA","CATTANI, ANTONIO D; LAVILLE, JEAN-LOUIS","R$ 104,00","R$   52,00"
9789896940478,"FACTOR HUMANO NA DECISAO EMPRESARIAL, O- 1 ED","LOBAO, JULIO","R$ 104,00","R$   52,00"
9788584930654,"MEGABANCOS E AS CRISES FINANCEIRAS, OS","RIBEIRO, IVAN CESAR","R$ 104,00","R$   52,00"
9789724033006,"METODO CANGURU - O PROSSEGUIR DAVINCULACAO PAIS","FELICIANO, FATIMA","R$ 104,00","R$   52,00"
9789724029870,OS BENEFICIOS FISCAIS - SISTEMA,"MARTINS, GUILHERME WALDEMAR","R$ 104,00","R$   52,00"
9789724073705,OS OFFSHORES DO NOSSO QUOTIDIANO,CARLOS PIMENTA,"R$ 104,00","R$   52,00"
9788584930203,"SOCIEDADES COOP. E O REGIME JUR.CONCURSAL, AS","MAFFIOLETTI, EMANUELLE URBANO","R$ 104,00","R$   52,00"
9788584934058,HISTÓRIA DO DIREITO FALIMENTAR,RODRIGO TELLECHEA;JOÃO SCALZILLI;LUIS F,"R$ 105,00","R$   52,50"
9788584932757,"MEDIACAO NA ADMINISTRACAO PUBLICABRASILEIRA",SILVIA HELENA PICARELLI GONCALVES JOHONS,"R$ 105,00","R$   52,50"
9788584932467,"MODELO DE POS-PAGAMENTO NOSCONTRATOS, O","SAKAMOTO, LUCIANA MAYUMI","R$ 105,00","R$   52,50"
9789724416847,O MITO DO ETERNO RETORNO,MIRCEA ELIADE,"R$ 105,00","R$   52,50"
9788584932726,PROCESSO COLETIVO PASSIVO,"RUDINIKI NETO, ROGERIO","R$ 105,00","R$   52,50"
9788584931231,"CURSO DE DIREITO TRIBUTARIO BRASILEIROVOL.II","MARCUS LIVIO GOMES E LEONARDO PIETROANT","R$ 106,00","R$   53,00"
9788584931682,"ESTUDOS APLIC. DE DIREITO EMPRES -CONTRATOS 1 ED",RODRIGO FERNANDES REBOUÇAS,"R$ 106,00","R$   53,00"
9788584931804,REGIME JURIDICO DAS DEBENTURES - 2 ED,JOSE ROMEU GARCIA DO AMARAL,"R$ 106,00","R$   53,00"
9788584930197,"BRASIL E O DIREITO INTERNAC. DO MARCONTEMP., O","SILVA, ALEXANDRE PEREIRA DA","R$ 107,00","R$   53,50"
9788563182937,"PRÁTICAS E CLÁUSULAS ABUSIVAS NASRELAÇÕES DE CONS",CÁSSIO RANZINI OLMOS,"R$ 107,00","R$   53,50"
9786556271996,A JUSTIÇA EM ARISTÓTELES 2a EDIÇÃO,EDUARDO CARLOS BIANCA BITTAR,"R$ 109,00","R$   54,50"
9788584932818,A PARCIALIDADE POSITIVA DO JUIZ,ARTUR CÉSAR DE SOUZA,"R$ 109,00","R$   54,50"
9788584936380,"AUTORIDADE NACIONAL DE PROTECAO DEDADOS E A EF..",CÍNTIA ROSA PEREIRA DE LIMA,"R$ 109,00","R$   54,50"
9786587019154,BREVE HISTÓRIA DAS FINANÇAS,RODOLFO L. F. OLIVO,"R$ 109,00","R$   54,50"
9788584935789,"CORRUPCAO E ADMINISTRACAO PUBLICA NOBRASIL",CLOVIS ALBERTO BERTOLINI DE PINHO,"R$ 109,00","R$   54,50"
9786556270357,CRIPTOMOEDAS,MARIA DO CARMO GARCEZ GHIRARDI,"R$ 109,00","R$   54,50"
9786556271484,"DECISÕES VINCULANTES DO STF - A CULTURADE PRECEDE",VICTOR MARCEL PINHEIRO,"R$ 109,00","R$   54,50"
9786556271507,DIREITO E DESENVOLVIMENTO NA PRÁTICA,FLAVIA PORTELLA PÜSCHEL,"R$ 109,00","R$   54,50"
9788584935710,DIREITO INTERNACIONAL,VÁRIOS,"R$ 109,00","R$   54,50"
9788584935130,DIREITOS DAS MULHERES,MONICA SAPUCAIA MACHADO,"R$ 109,00","R$   54,50"
9789724096834,"ESCRAVIDÃO, DIGNIDADE, TRABALHO 2a EDIÇÃO",ANTÓNIO JOSÉ MOREIRA,"R$ 109,00","R$   54,50"
9788584934102,"ESTUDOS APLIC. DE DIREITO EMPRES -CONTRATOS 3 ED",RODRIGO FERNANDES REBOUÇAS,"R$ 109,00","R$   54,50"
9788584934133,"ESTUDOS APLIC. DE DIREITO EMPRES -MERCADOS 3 ED",PAMELA ROMEU ROQUE,"R$ 109,00","R$   54,50"
9788584935826,"ESTUDOS APLIC. DE DIREITO EMPRES -MERCADOS ED. 4",PAMELA ROMEU ROQUE,"R$ 109,00","R$   54,50"
9788584932566,"ESTUDOS APLIC. DE DIREITO EMPRES -SOCIETARIO 2 ED","KLEINDIENST, ANA CRISTINA","R$ 109,00","R$   54,50"
9786556270654,"ESTUDOS APLIC. DE DIREITO EMPRES -SOCIETARIO 6 ED",ANA CRISTINA KLEINDIENST; GABRIEL BUSCHI,"R$ 109,00","R$   54,50"
9788584934119,"ESTUDOS APLIC. DE DIREITO EMPRES -TRIBUTARIO 3 ED","BRAGA, REGIS FERNANDO DE RIBEIRO","R$ 109,00","R$   54,50"
9786556270777,"ESTUDOS APLIC. DE DIREITO EMPRES -TRIBUTARIO 6 ED",RÉGIS FERNANDO DE RIBEIRO BRAGA,"R$ 109,00","R$   54,50"
9788584935659,"ESTUDOS APLIC. DE DIREITO EMPRES -TRIBUTÁRIO ED 5",RÉGIS FERNANDO DE RIBEIRO BRAGA,"R$ 109,00","R$   54,50"
9788584935635,"ESTUDOS APLIC. DE DIREITO EMPRES. -CONTRATOS ED 5",MARIA ISABEL CARVALHO SICA LONGHI,"R$ 109,00","R$   54,50"
9788584934409,FILOSOFIA E DIREITO PRIVADO,"BARBIERI, CATARINA HELENA CORTADA","R$ 109,00","R$   54,50"
9788562938429,"FILOSOFIA POLÍTICA, TOLERÂNCIA - E OUTROSESCRITOS",MÁRIO MIRANDA FILHO,"R$ 109,00","R$   54,50"
9788584935758,"LICOES SISTEMATIZADAS DE HISTORIA DODIREITO 2 ED.",RODRIGO ARNONI SCALQUETTE,"R$ 109,00","R$   54,50"
9789724413112,NO RASTO DO CODIGO DA VINCI,"CAINE, PETER","R$ 109,00","R$   54,50"
9788584935314,"NOVOS PARADIGMAS DA REGULARIZAÇÃOFUNDIÁRIA URBANA",FELIPE CHIARELLO; LILIAN REGINA GABRIEL,"R$ 109,00","R$   54,50"
9789724413228,O ANTICRISTO,FRIEDRICH NIETZSCHE,"R$ 109,00","R$   54,50"
9789724069340,"O PROCESSO ESPECIAL DE REVITAL. NAJURISPRUDENCIA","SERRA, CATARINA","R$ 109,00","R$   54,50"
9789724416052,O SISTEMA DA VIDA ETICA,GEORG WILHELM FRIEDRICH HEGEL,"R$ 109,00","R$   54,50"
9789724416960,OBSERVACOES SOBRE O SENTIME,IMMANUEL KANT,"R$ 109,00","R$   54,50"
9786556271804,PARECERES DE DIREITO PENAL,ANTONIO CEZAR PELUSO,"R$ 109,00","R$   54,50"
9786556270982,"PERDAS E DANOS POR DESCUMPRIMENTO DECONTRATO",PAULA EPPINGHAUS CIRNE LIMA,"R$ 109,00","R$   54,50"
9788584935376,PLANO DE RECUPERAÇÃO JUDICIAL,CINIRA GOMES LIMA MELO,"R$ 109,00","R$   54,50"
9786556271354,"PRECEDENTES ELEITORAIS - SEGURANÇAJURÍDICA E PR.",RODRIGO TERRA CYRINEU,"R$ 109,00","R$   54,50"
9788584932740,"RESPONSABILIDADE CIVIL DOS AUDITORESINDEPENDENTES","FAVERO, FABRICIO","R$ 109,00","R$   54,50"
9786556270050,"RESPONSABILIDADE TRIBUTARIA DE GRUPOSECONOMICOS",NORTON LUIS BENITES,"R$ 109,00","R$   54,50"
9786556270951,"TEORIAS DO DIREITO ADMINISTRATIVO GLOBALE STANDAR",OTAVIO VENTURINI,"R$ 109,00","R$   54,50"
9786556270609,TRABALHO 4.0,JOSÉ ROBERTO AFONSO,"R$ 109,00","R$   54,50"
9788584936014,"TRIBUTACAO NOS ESTADOS UNIDOS E NOBRASIL","VALCIR GASSEN, MARCOS AURELIO PEREIRA..","R$ 109,00","R$   54,50"
9789898866264,OBRAS DE MARIA JUDITE DE CARVALHO - VOL. II,MARIA JUDITE DE CARVALHO,"R$ 109,83","R$   54,92"
9789724416809,ARTISTA E DESIGNER  - ED. 2,BRUNO MUNARI,"R$ 109,85","R$   54,93"
9789724415697,"CONHECIMENTO E O PROBLEMA CORPO-MENTE,O",KARL POPPER,"R$ 109,85","R$   54,93"
9789724080680,ECONOMIA SOCIAL,VÁRIOS,"R$ 109,85","R$   54,93"
9789724413709,ENSAIO SOBRE OS DADOS IMEDIATO,HENRI BERGSON,"R$ 109,85","R$   54,93"
9789724069319,"FISCALIDADE DAS SOCIEDADES INSOLVENTES,A","DINIS, ANA ARROMBA; LOPES, CIDALIA MOTA","R$ 109,85","R$   54,93"
9789724413433,HISTORIA DA GEOGRAFIA,"CLAVAL, PAUL","R$ 109,85","R$   54,93"
9789896942144,"O FINANCIAMENTO BANCARIO DE PME - AREALIDADE PORT",PAULO ALCARVA,"R$ 109,85","R$   54,93"
9789724056807,"OS DIREITOS FUNDAMENTAIS DAS PESSOASSURDAS","SOUSA, FILIPE VENADE DE","R$ 109,85","R$   54,93"
9789724424446,POPULISMO E DEMOCRACIA,MIGUEL NOGUEIRA DE BRITO,"R$ 109,85","R$   54,93"
9788584932245,"CONTROLE SOCIETARIO E CONTROLEEMPRESARIAL","RAMUNNO, PEDRO ALVES LAVACCHINI","R$ 110,00","R$   55,00"
9788584933952,"ELEMENTOS DA TEORIA ESTRUTURANTE DODIREITO AMB...",GIORGIA SENA MARTINS,"R$ 110,00","R$   55,00"
9789724031996,"CONDOMINIO DA TERRA, O","MAGALHAES, PAULO","R$ 112,00","R$   56,00"
9789724046303,ESTUDOS DE DIREITO DO TRABALHO - VOLUME I,TERESA COELHO MOREIRA,"R$ 112,00","R$   56,00"
9788584935147,COMPLIANCE E DIREITO PENAL ECONÔMICO,FÁBIO R. BECHARA; MARCO P. FLORÊNCIO,"R$ 114,00","R$   57,00"
9788563182395,"NEGOCIOS INTERNAC. E SUAS APLICACOES NOBR - 2 ED",GLERIANI TORRES C.FERREIRA; ZILDA MENDES,"R$ 114,00","R$   57,00"
9789896941482,"A ESTRATEGIA OCEANO AZUL - COMO CRIARMAIS ..","MAUBORGNE, RENEE; KIM, W. CHAN","R$ 115,00","R$   57,50"
9788584936311,"COLABORACAO PREMIADA - UMA PERSPECTIVADE DIR...",OLAVO EVANGELISTA PEZZOTTI,"R$ 115,00","R$   57,50"
9789724036472,"CONTRATO, O","ROPPO, ENZO","R$ 115,00","R$   57,50"
9789896945930,BREXIT,ANTÓNIO GOUCHA SOARES,"R$ 116,35","R$   58,18"
9789724419473,ESTETICA E POLITICA ENTRE AS ARTES,VÁRIOS,"R$ 116,35","R$   58,18"
9789724417295,"ESTRUTURA DA ANTIGA SOCIEDADEPORTUGUESA",VITORINO MAGALHÃES GODINHO,"R$ 116,35","R$   58,18"
9789724414713,"LOGICA DAS IMAGENS, A","WENDERS, WIN","R$ 116,35","R$   58,18"
9789724091907,MANUAL TEÓRICO-PRÁTICO DE IRC,JOAQUIM MIRANDA SARMENTO,"R$ 116,35","R$   58,18"
9789724092720,MANUAL TEÓRICO-PRÁTICO DO IVA,JOAQUIM MIRANDA SARMENTO,"R$ 116,35","R$   58,18"
9789896945510,"UMA VIAGEM AO MUNDO DAS IDEIASECONÓMICAS",NUNO CRESPO; NÁDIA SIMÕES,"R$ 116,35","R$   58,18"
9789724046709,"ADMINIS. DELEGADOS E COMISSÕESEXECUTIVAS - No 7",ALEXANDRE DE SOVERAL MARTINS,"R$ 117,00","R$   58,50"
9788584931286,"CONTROLES DA ADMINISTRACAO EJUDICIALIZACAO DE P..",THIAGO MARRARA · JORGE AGUDO GONZALEZ,"R$ 117,00","R$   58,50"
9788584931224,"CURSO DE DIREITO TRIBUTARIO BRASILEIROVOL.I","MARCUS LIVIO GOMES E LEONARDO PIETROANT","R$ 117,00","R$   58,50"
9788584932252,"INDICACOES GEOGRAFICAS - A PROTECAO DOPATRIMON...","ROCHA FILHO, SYLVIO DO AMARAL","R$ 117,00","R$   58,50"
9789724038636,NA TERRA DOS HOMENS,MARLENE FERRAZ,"R$ 117,00","R$   58,50"
9788584931170,"PRINCIPIO DA CONSERVACAO DOS NEGOCIOSJURIDICOS","GUERRA, ALEXANDRE","R$ 117,00","R$   58,50"
9788584931279,"TRIBUTACAO NA INDUSTRIA DO PETROLEO EGAS NAT., A",MARCUS LIVIO GOMES; RICARDO LODI RIBEIRO,"R$ 117,00","R$   58,50"
9789724415154,"A PAZ PERPETUA E OUTROS OPUSCULOS - ED2008",IMMANUEL KANT,"R$ 119,00","R$   59,50"
9786556270470,A RACIONALIDADE PENAL MODERNA I,CARMEN FULLIN; MAÍRA R. MACHADO; JOSÉ R.,"R$ 119,00","R$   59,50"
9786556270036,ADMINISTRACAO DAS SOCIEDADES ANONIMAS,LUIS FELIPE SPINELLI,"R$ 119,00","R$   59,50"
9786556271125,ANÁLISE COMPORTAMENTAL DO DIREITO,JULIO CESAR DE AGUIAR,"R$ 119,00","R$   59,50"
9788584936298,ARBITRAGEM SOCIEDADE CIVIL X ESTADO,JOSE CARLOS DE MAGALHAES,"R$ 119,00","R$   59,50"
9786556271088,"BIODIREITO, BIOÉTICA E FILOSOFIA EM DEBATE",CARLOS EDUARDO NICOLETTI CAMILLO; PAULO,"R$ 119,00","R$   59,50"
9786586618594,CCC - COMANDO DE CAÇA AOS COMUNISTAS,DANIELLE BARRETO LIMA,"R$ 119,00","R$   59,50"
9786556270074,CONCEITO PENAL DE FUNCIONARIO PUBLICO,DANIELA MARINHO SCABBIA CURY,"R$ 119,00","R$   59,50"
9786556273198,"CONTRATOS DE PRESTAÇÃO DE SERVIÇOS PORADESÃO",DEBORAH CRISTINA DOS SANTOS NERY,"R$ 119,00","R$   59,50"
9786556270975,CORRUPÇÃO,FÁBIO RAMAZZINI BECHARA; FERNANDA R. VIL,"R$ 119,00","R$   59,50"
9789724042923,DAS PENAS PRIVATIVAS DE LIBERD,"BORGES, TERESINHA","R$ 119,00","R$   59,50"
9786556271767,DIREITO DA SAÚDE NA ERA PÓS COVID-19,VERÔNICA SCRIPTORE FREIRE E ALMEIDA; FER,"R$ 119,00","R$   59,50"
9786556272238,DIREITO DE FAMÍLIA EM TEMPOS LÍQUIDOS,YVES ALESSANDRO RUSSO ZAMATARO,"R$ 119,00","R$   59,50"
9788584936403,DIREITO EM DEBATE - VOL.I,MARIA HELENA DINIZ,"R$ 119,00","R$   59,50"
9786556271255,"DIREITOS DAS MULHERES - IGUALDADE,PERSPECTIVAS",ALESSANDRA CALIGIURI CALABRESI PINTO,"R$ 119,00","R$   59,50"
9788562938344,"DIREITOS HUMANOS - BREVE HISTORIA DE UMAGRANDE..",MARCO MONDAINI,"R$ 119,00","R$   59,50"
9786556270067,"DO COMBATE A IMPROBIDADE ADMINISTRATIVA -2 EDICAO",ANIELLO AUFIERO E JAMES LINS,"R$ 119,00","R$   59,50"
9786556272207,EDUCAÇÃO JURÍDICA,HADASSAH LAÍS DE SOUSA SANTANA,"R$ 119,00","R$   59,50"
9789724070438,"GARANTIA PATRIMONIAL E PREJUDICIALIDADE -UM ESTUD","CUNHA, ANA MARISA DUARTE VAZ","R$ 119,00","R$   59,50"
9788562938160,"INTRODUÇÃO BRASILEIRA A TEORIA, HISTÓRIA ECRÍTICA",CAROLIN OVERHOFF FERREIRA,"R$ 119,00","R$   59,50"
9788584936328,O DIREITO NA SOCIEDADE DA INFORMACAO V,ROBERTO SENISE LISBOA,"R$ 119,00","R$   59,50"
9786586618068,"O REGIME MILITAR E A PROJECAO MUNDIAL DOBRASIL",PAULO G. FAGUNDES VISENTINI,"R$ 119,00","R$   59,50"
9786556272221,"OS DIREITOS CIVIS DA PESSOA COMDEFICIÊNCIA",EDUARDO TOMASEVICIUS FILHO,"R$ 119,00","R$   59,50"
9789724420066,OS PROGRESSOS DA METAFISICA,IMMANUEL KANT,"R$ 119,00","R$   59,50"
9786556271460,PEDIDO E CAUSA DE PEDIR,DANIELA MONTEIRO GABBAY,"R$ 119,00","R$   59,50"
9788584935697,PLANEJAMENTO TRIBUTARIO,"ALMEIDA, THAIS SOARES DE OLIVEIRA","R$ 119,00","R$   59,50"
9788584935383,PROTEÇÃO DO CONSUMIDOR,LUIZ FERNANDO AFONSO,"R$ 119,00","R$   59,50"
9786556270562,"RECUPERAÇÃO JUDICIAL - ANÁLISECOMPARADA BRASIL –","ANDRÉ CHATEAUBRIAND MARTINS; MÁRCIAYAGU","R$ 119,00","R$   59,50"
9788584935628,"REGIME ESPECIAL DO ISS, O","SANTOS, MARCUS ROGERIO OLIVEIRA DOS","R$ 119,00","R$   59,50"
9786556272962,REGULAÇÃO DO SETOR PORTUÁRIO,PAULO RENATO JUCÁ,"R$ 119,00","R$   59,50"
9789724415079,"RELIGIAO NOS LIMITES DA SIMPLES RAZAO, A","KANT, IMMANUEL","R$ 119,00","R$   59,50"
9786556273631,REPRESSÃO À CORRUPÇÃO,ARTHUR SODRÉ PRADO,"R$ 119,00","R$   59,50"
9788584935819,"REVISAO CONTRATUAL - ONEROSIDADEEXCESSIVA E MOD..",FRANCISCO PAULO DE CRESCENZO,"R$ 119,00","R$   59,50"
9788584934126,"ESTUDOS APLIC. DE DIREITO EMPRES -SOCIETARIO 3 ED","KLEINDIENST, ANA CRISTINA","R$ 120,00","R$   60,00"
9789724035758,"PRINCIPIO DO DEVIDO PROCESSO LEGAL, O","PARIZ, ANGELO AURELIO GONÇALVES","R$ 120,00","R$   60,00"
9788584933891,SWAPS - UMA ANALISE JURIDICA,EDUARDO AUGUSTO CAIXETA MENEZES,"R$ 120,00","R$   60,00"
9789898866646,VOAR NO QUARTO ESCURO,MÁRCIA BALSAS,"R$ 122,32","R$   61,16"
9789724421483,"AS RELAÇÕES INTERNACIONAIS DE 1800 A 18712ED",BENOÎT PELLISTRANDI,"R$ 122,85","R$   61,43"
9789724419480,"BEM DA NACAO, A","CADAVEZ, MARIA CANDIDA","R$ 122,85","R$   61,43"
9789724418247,"CONCEITO DO POLITICO, O","SCHMITT, CARL","R$ 122,85","R$   61,43"
9789724093024,"ENSAIOS SOBRE REGIMES DE SIMPLIFICAÇÃOTRIBUTÁRIA",ANTÓNIO MARTINS; DANIEL TABORDA,"R$ 122,85","R$   61,43"
9789724412689,"EPISTEMOLOGIA, A - 1 ED","BACHELARD, GASTON","R$ 122,85","R$   61,43"
9789896940553,MARKETING BANCARIO,"ALMEIDA, JORGE FONSECA DE","R$ 122,85","R$   61,43"
9789896940300,O OBJETIVO HEGEMONICO DA CH,"JEAN-PAUL GUICHARD, ANTOINE BRUNET","R$ 122,85","R$   61,43"
9789724422572,RENDIMENTO BASICO INCONDICIONAL,"GONCALO MARCELO , JORGE PINTO , ROBERTO","R$ 122,85","R$   61,43"
9789724089416,RETHINKING HUMAN RESOURCES FOR HEALTH,INÊS FRONTEIRA; GILLES DUSSAULT; JAMES B,"R$ 122,85","R$   61,43"
9789724419190,"TODOS OS SONHOS DO MUNDO E OUTROSENSAIOS","MURCHO, DESIDERIO","R$ 122,85","R$   61,43"
9789724416632,"CHALET DA MEMORIA, O","JUDT, TONY","R$ 123,00","R$   61,50"
9788584930968,"DIREITO AGRARIO - DIREITO DE PREFERENCIALEGAL E C","PERES, TATIANA BONATTI","R$ 124,00","R$   62,00"
9788584930944,"MINISTERIO PUBLICO E PRINCIPIO DAPROTECAO EFICIEN","EDUARDO CAMBI, FABIO ANDRE GUARAGNI","R$ 124,00","R$   62,00"
9789724047591,EXPORTANDO P. OS PAISES AFR. DE LING. PORT,GLERIANI TORRES C.FERREIRA; ZILDA MENDES,"R$ 124,25","R$   62,13"
9788584930227,"ASPECTOS TRIBUTARIOS DA IMPORTACAO DESERVICOS","MACHADO, GUSTAVO PAGLIUSO","R$ 125,00","R$   62,50"
9788584932061,BONS COSTUMES NO DIREITO CIVIL BRASILEIRO,THAMIS AVILA DALSENTER VIVEIROS DE CASTR,"R$ 125,00","R$   62,50"
9789724419992,"CINEMA CLASSICO AMERICANO - GENEROS EGENIO EM H..","FERREIRA, CARLOS MELO","R$ 125,40","R$   62,70"
9788562937040,JOHN MAYNARD KEYNES - 9788562937040,"DAVIDSON, PAUL","R$ 126,00","R$   63,00"
9788584934027,"ASPECTOS POLEMICOS DO NOVO CODIGO DEP.CIVIL VOL.2","HELDER MORONI CAMARA, LUCIO DELFINO, LUI","R$ 127,00","R$   63,50"
9788563182975,"O OUTRO LEVIATÃ E A CORRIDA AO FUNDO DOPOÇO",ONOFRE ALVES BATISTA JÚNIOR,"R$ 128,00","R$   64,00"
9789724046150,REV. FIN. PUBLICAS ANO IV-II,IDEFF,"R$ 128,00","R$   64,00"
9788562938375,"A FORMACAO DA ELITE COLONIAL NO BRASIL DE1530 A..",RODRIGO RICUPERO,"R$ 129,00","R$   64,50"
9786556272610,A FUNÇÃO SOCIAL DO CONTRATO,RENNAN THAMAY; VANDERLEI GARCIA JUNIOR;,"R$ 129,00","R$   64,50"
9786556271682,"A LEI GERAL DE PROTEÇÃO DE DADOSBRASILEIRA",EDUARDO TOMASEVICIUS FILHO,"R$ 129,00","R$   64,50"
9786556270913,"A PROTEÇÃO DO PATRIMÔNIO CULTURALBRASILEIRO PELO",EDUARDO TOMASEVICIUS FILHO,"R$ 129,00","R$   64,50"
9786556271064,A RACIONALIDADE PENAL MODERNA II,"RICHARD DUBÉ; MARGARIDA GARCIA; MAÍRARO","R$ 129,00","R$   64,50"
9786556273242,"A RESOLUÇÃO DO CONTRATO DE LONGADURAÇÃO PELA QUEB",RODRIGO CAVALCANTE MOREIRA,"R$ 129,00","R$   64,50"
9786556270999,ABUSO DE AUTORIDADE,FÁBIO R. BECHARA; MARCO P. FLORÊNCIO,"R$ 129,00","R$   64,50"
9788584931439,ACESSO EQUITATIVO AO DIREITO E À JUSTIÇA,J. J. FLORENTINO MENDONÇA,"R$ 129,00","R$   64,50"
9788562937330,ADMINISTRACAO POR COMPETENCIAS,EDMIR KUAZAQUI,"R$ 129,00","R$   64,50"
9786556271866,"ALIENAÇÃO FIDUCIÁRIA DE BENS IMÓVEIS EMGARANTIA",ANDRESSA BENEDETTI,"R$ 129,00","R$   64,50"
9788584935994,"ARBITRAGEM E FINANCIAMENTO PORTERCEIROS",MARCEL CARVALHO ENGHOLM CARDOSO,"R$ 129,00","R$   64,50"
9788584932177,ARBITRAGEM TRIBUTÁRIA NO BRASIL,MARCELO RICARDO ESCOBAR,"R$ 129,00","R$   64,50"
9786556271774,AUTONOMIA PARTIDÁRIA - UMA TEORIA GERAL,EZIKELLY BARROS,"R$ 129,00","R$   64,50"
9786556271842,"BLOCKCHAIN, TOKENS E CRIPTOMOEDAS",DAYANA DE CARVALHO UHDRE,"R$ 129,00","R$   64,50"
9786556270265,CAPTAÇÃO DE RECURSOS POR STARTUPS,"LUCAS CAMINHA, GUSTAVO FLAUSINO COELHO","R$ 129,00","R$   64,50"
9786556270463,COMMONS EMPRESARIAIS,PEDRO ALVES LAVACCHINI RAMUNNO,"R$ 129,00","R$   64,50"
9786587019208,"COMO ESCOLHER E ADMINISTRAR SEUSINVESTIMENTOS",GUILHERME REBOUÇAS DE OLIVEIRA,"R$ 129,00","R$   64,50"
9788584936007,CONTRATAÇÃO PÚBLICA ESTRATÉGICA,THIAGO LIMA BREUS,"R$ 129,00","R$   64,50"
9788584934737,"CONTROVÉRSIAS TRIBUTÁRIAS DOSMECANISMOS CONTRAT.",MARIANA MONTE ALEGRE DE PAIVA,"R$ 129,00","R$   64,50"
9789724089386,CORRUPÇÃO - O LABIRINTO DO MINOTAURO,JOSÉ ANTÓNIO MOURAZ LOPES,"R$ 129,00","R$   64,50"
9786556271446,"CRYPTOLAW - INOVAÇÃO, DIREITO EDESENVOLVIMENTO",ISAC SILVEIRA DA COSTA; VIVIANE MULLER P,"R$ 129,00","R$   64,50"
9786556270937,"DAS NORMAS FUNDAMENTAIS DO PROCESSOCIVIL - 2 ED",ARTUR CÉSAR DE SOUZA,"R$ 129,00","R$   64,50"
9786556272146,DIREITO DE AUTOR E PUBLICIDADE,MATEUS BARRETO BASSO,"R$ 129,00","R$   64,50"
9788584930173,"DIREITO DOS GASTOS PUBLICOS NO BRASIL, O","GOMES, EMERSON CESAR DA SILVA","R$ 129,00","R$   64,50"
9788584936427,DIREITO EM DEBATE – VOL. II,MARIA HELENA DINIZ,"R$ 129,00","R$   64,50"
9786556271392,DISCURSO DE ÓDIO,"FABRÍCIO VASCONCELOS GOMES; JOÃO PEDROF","R$ 129,00","R$   64,50"
9786556272023,"DISSOLUÇÃO PARCIAL DE SOCIEDADESLIMITADAS",CRISTIANO PADIAL FOGAÇA PEREIRA,"R$ 129,00","R$   64,50"
9789724416854,DO BELO MUSICAL - 2015,EDUARD HANSLICK,"R$ 129,00","R$   64,50"
9786556273358,EDUCAÇÃO SUPERIOR PRIVADA,LEONARDO DE CASTRO MIRA,"R$ 129,00","R$   64,50"
9786586618181,ESTA AGONIA É O NOSSO TRIUNFO,ADRIANO DE PAULA RABELO,"R$ 129,00","R$   64,50"
9788584931712,"ESTUDOS APLIC. DE DIREITO EMPRES -TRIBUTARIO 1 ED","BRAGA, REGIS FERNANDO DE RIBEIRO","R$ 129,00","R$   64,50"
9786556272498,"ESTUDOS DE ARBITRAGEM E TRANSAÇÃOTRIBUTÁRIA","GIÁCOMO PARO; MARCELO RICARDO WYDRAESCO","R$ 129,00","R$   64,50"
9789724066172,"ESTUDOS DE DIREITO DO TRABALHO - VOLUMEII",TERESA COELHO MOREIRA,"R$ 129,00","R$   64,50"
9786556270029,FAMILIAS E SUCESSOES,ANA CLAUDIA SILVA SCALQUETTE,"R$ 129,00","R$   64,50"
9788584935406,"GOVERNANÇA, COMPLIANCE E CORRUPÇÃO",ANA MESSA; JOÃO M. ESTEVES; PAULO T.,"R$ 129,00","R$   64,50"
9786556271330,"HIGH FREQUENCY TRADING (HFT) EM CÂMERALENTA",ISAC SILVEIRA DA COSTA,"R$ 129,00","R$   64,50"
9786556272436,"LANÇAMENTO TRIBUTÁRIO E PRETENSÃOPUNITIVA",LEANDRO CABRAL E SILVA,"R$ 129,00","R$   64,50"
9786556272061,"MANUAL DE PROTEÇÃO DE DADOS - LGPDCOMENTADA",LUIZ FERNANDO DO VALE DE ALMEIDA GUILHER,"R$ 129,00","R$   64,50"
9786556271224,METAÉTICA E FUNDAMENTAÇÃO DO DIREITO,ARTHUR MARIA FERREIRA NETO,"R$ 129,00","R$   64,50"
9786556273280,"NOVOS INVESTIMENTOS EM CONTRATOS DEPARCERIA",GABRIELA MINIUSSI ENGLER PINTO PORTUGAL,"R$ 129,00","R$   64,50"
9789724420127,O CONFLITO DAS FACULDADES - ED 2017,IMMANUEL KANT,"R$ 129,00","R$   64,50"
9786556273518,O DANO ESTÉTICO,TERESA ANCONA LOPEZ,"R$ 129,00","R$   64,50"
9788584936182,O DIREITO NA SOCIEDADE DA INFORMACAO IV,ROBERTO SENISE LISBOA,"R$ 129,00","R$   64,50"
9786556270555,"PACOTE ANTICRIME -COMENTÁRIOS À LEI N.13.964/2019","ALAMIRO VELLUDO SALVADOR NETTO; ALINETH","R$ 129,00","R$   64,50"
9786556270593,"PESSOA COM DEFICIÊNCIA - INCLUSÃO EACESSIBILIDADE",JOSE MARCELO MENEZES VIGLIAR,"R$ 129,00","R$   64,50"
9786556272160,PRESCRIÇÃO,ATALÁ CORREIA,"R$ 129,00","R$   64,50"
9786556273426,"PROGRAMAS DE INTEGRIDADE E COMBATE ÀCORRUPÇÃO",DALILA MARTINS VIOL,"R$ 129,00","R$   64,50"
9788584930296,"REGULACAO DO SISTEMA FINANCEIRONACIONAL","ERLING, MARLOS LOPES GODINHO","R$ 129,00","R$   64,50"
9786556270289,REPENSANDO A PESQUISA JURIDICA,"MIRACY BARB.DE S. GUSTIN, MARIA, CAMILA","R$ 129,00","R$   64,50"
9788584935833,REPERCUSSAO GERAL NO DIREITO TRIBUTARIO,"MARCOS AURELIO PEREIRA VALADAO ERICARDO","R$ 129,00","R$   64,50"
9788584931958,"RESSARCIMENTO DO DANO PRE-CONTRATUAL,O","PEREIRA, FABIO QUEIROZ","R$ 129,00","R$   64,50"
9786556272108,SANEAMENTO BÁSICO,FÁBIO LUIZ GOMES,"R$ 129,00","R$   64,50"
9786556270968,SEGURANÇA PÚBLICA,NATHAN GLINA,"R$ 129,00","R$   64,50"
9786556270098,TEORIA DO DIREITO - PRIMEIRAS REFLEXOES,GUILHERME ROMAN BORGES,"R$ 129,00","R$   64,50"
9788584935703,"TRANSAÇÕES ENTRE PARTES RELACIONADAS -ED. 4",ANDRÉ ANTUNES SOARES DE CAMARGO,"R$ 129,00","R$   64,50"
9786556271590,TRANSPARÊNCIA NO PROCESSO ARBITRAL,ANA OLIVIA ANTUNES HADDAD,"R$ 129,00","R$   64,50"
9786556271477,"TRIBUNAL DE CONTAS DA UNIÃO NO DIREITO ENA REALID",CARLOS ARI SUNDFELD; ANDRÉ ROSILHO,"R$ 129,00","R$   64,50"
9788584930074,"TRIBUNAL INTERNACIONAL PARA A INTERNET,UM","ALMEIDA, DANIEL FREIRE E","R$ 129,00","R$   64,50"
9788584936199,TRIBUTACAO 4.0,"JOSE ROBERTO AFONSO E HADASSAH LAISSANT","R$ 129,00","R$   64,50"
9788563182081,VOZES NO CENTRO DO MUNDO,"CYMERMAN, HENRIQUE","R$ 129,00","R$   64,50"
9789896943912,"A NOVA QUESTÃO DA HABITAÇÃO EMPORTUGAL",ANA CORDEIRO SANTOS,"R$ 129,35","R$   64,68"
9789724421421,"CELTAS, OS - 2 ED","HAYWOOD, JOHN","R$ 129,35","R$   64,68"
9789724422664,"CONSELHO DA REVOLUÇÃO (1975-1982) - UMABIOGRAFIA",DAVID CASTAÑO; MARIA INÁCIA REZOLA,"R$ 129,35","R$   64,68"
9789724420004,"CONSERVADORISMO DO FUTURO E OUTROS, O -ED 2017","MORGADO, MIGUEL","R$ 129,35","R$   64,68"
9789896942496,"EMPRESA GORDA, A - 1 ED","ZOLTNERS, ANDRIS A.; SINHA, PRABHA K.","R$ 129,35","R$   64,68"
9789724072906,ENSAIOS SOBRE ECONOMIA SOLIDARIA,PAUL SINGER,"R$ 129,35","R$   64,68"
9789724049229,FINANCAS PUBLICAS DA UNIAO EUROPEIA,"JOAO RICARDO CATARINO, JOSE F. F. TAVARE","R$ 129,35","R$   64,68"
9789896943134,"GESTÃO DE VENDAS - ADAPTAR PARA VENCERNUMA ERA RE",LUÍS RAIMUNDO SCHWAB,"R$ 129,35","R$   64,68"
9789724093734,"GESTÃO, LIDERANÇA E CULTURAORGANIZACIONAL PARA GE",DAVID MATEUS,"R$ 129,35","R$   64,68"
9789724051789,HISTORIA DA UNIVERSIDADE,"RUBIAO, ANDRE","R$ 129,35","R$   64,68"
9789724419220,"HISTORIAS DE AFRICA - CAPITALISMO,MODERNIDADE...","COOPER, FREDERICK","R$ 129,35","R$   64,68"
9789724420301,"HOMEM FALIVEL, O",PAUL RICOEUR,"R$ 129,35","R$   64,68"
9789724068152,"VALORES EM CONFLITO - MEGAPROJETOS,AMBIENTE E TER",JOSE CASTRO CALDAS,"R$ 129,35","R$   64,68"
9788584931996,PODER JUDICIARIO - VOL I,"CONTI, JOSE MAURICIO","R$ 130,00","R$   65,00"
9789896943851,PESSOAS E NEGOCIOS,PEDRO RAMOS,"R$ 130,37","R$   65,19"
9788584930814,DIREITO DOS NEGOCIOS APLICADO - VOLUME 2,ELIAS MARQUES DE MED.NETO E ADALBERTO,"R$ 131,00","R$   65,50"
9789724048239,ECONOMIA E INTERDISCIPLINARIDADE(S),"KERSTENETZKY, CELIA LESSA; NEVES, VITOR","R$ 131,00","R$   65,50"
9788584932474,"IMAGENS DA IMPARCIALIDADE ENTRE ODISCURSO CONST..","CARVALHO, ALEXANDRE DOUGLAS ZAIDAN DE","R$ 131,00","R$   65,50"
9788584934041,JUSTICA CONSTITUCIONAL 1 ED. 2018,"JORGE MIRANDA, FERNANDO ANT, JOAO JOSE","R$ 131,00","R$   65,50"
9788584932498,"RESTRICOES AOS DIREITOS FUNDAMENTAISPOR ATO, AS","ABRAHAO, MARCELA ROSA","R$ 131,00","R$   65,50"
9788584931460,"CURSO DE DIREITO TRIBUTARIO BRASILEIROVOL.IV","MARCUS LIVIO GOMES E LEONARDO PIETROANT","R$ 132,00","R$   66,00"
9788584931774,"TRANSACOES ENTRE PARTES RELACIONADAS -3 ED","CAMARGO, ANDRE ANTUNES SOARES DE","R$ 132,00","R$   66,00"
9788584931323,DIREITO DOS NEGOCIOS APLICADO - VOLUME 3,ELIAS MARQUES DE MED.NETO E ADALBERTO,"R$ 133,00","R$   66,50"
9789724043562,TEORIA DA INVESTIGACAO CRIMINAL - 1 ED,ELIOMAR DA SILVA PEREIRA,"R$ 133,00","R$   66,50"
9788584932030,"ESTADO EMPRESARIO, O","FIDALGO, CAROLINA BARROS","R$ 134,00","R$   67,00"
9789724043746,"II CONGRESSO INTERNAC. DIREITO BRASIL-EUROPA",VÁRIOS,"R$ 134,00","R$   67,00"
9789724047225,PRIVATIZACOES E REPRIVATIZACOE,VÁRIOS,"R$ 134,00","R$   67,00"
9789724043975,RECURSOS NO PROCESSO DO TRABAL,"GERALDES, ANTONIO SANTOS A.","R$ 134,00","R$   67,00"
9788584933914,"ASPECTOS POLEMICOS DO NOVO CODIGO DEP.CIVIL VOL.1","HELDER MORONI CAMARA, LUCIO DELFINO, LUI","R$ 135,00","R$   67,50"
9788584931941,TUTELA PROVISORIA - 2 ED,ARTUR CÉSAR DE SOUZA,"R$ 135,00","R$   67,50"
9789896943462,AGILIDADE EMOCIONAL,SUSAN DAVID,"R$ 135,85","R$   67,93"
9789724415062,ANÁLISE DE CONTEÚDO,LAURENCE BARDIN,"R$ 135,85","R$   67,93"
9789724074832,ECONOMIA INDUSTRIAL - TEORIA E PRATICA,VÁRIOS,"R$ 135,85","R$   67,93"
9788584930586,DIREITO TRIBUTARIO CONSTITUCIONAL,"VALADAO, MARCOS A. P.; MEIRA, LIZIANE A.","R$ 136,00","R$   68,00"
9789898101433,"PEQUENO LIVRO VERMELHO DAS RESP. SOBREVENDAS, O","GITOMER, JEFFERY","R$ 136,00","R$   68,00"
9788584931309,"PERFORMANCE NO DIREITO TRIBUTARIO, A","FILIPPO, LUCIANO GOMES","R$ 137,00","R$   68,50"
9788584932009,"DIREITO BRASILEIRO EM EVOLUCAO, O","LIMA, CINTIA ROSA P. DE; SAAD, EDUARDO","R$ 138,00","R$   69,00"
9789724413464,"INTRODUCAO A HISTORIA DA FILOS -9789724413464",GEORG WILHELM FRIEDRICH HEGEL,"R$ 138,00","R$   69,00"
9788584932771,SINDICATOS E AUTONOMIA PRIVADA COLETIVA,"FRANCESCA COLUMBU; TÚLIO DE OLIVEIRAMAS","R$ 138,00","R$   69,00"
9786556272993,"A ARBITRAGEM INTERNACIONAL COMOINSTRUMENTO NO COM",MARINA COELHO REVERENDO VIDAL,"R$ 139,00","R$   69,50"
9786556273303,"A INTERNACIONALIDADE DA ARBITRAGEM À LUZDO DIREIT",THIAGO DEL POZZO ZANELATO,"R$ 139,00","R$   69,50"
9788584936281,ACORDOS ADMINISTRATIVOS NO BRASIL,GUSTAVO JUSTINO DE OLIVEIRA,"R$ 139,00","R$   69,50"
9786556272368,ANPD E LGPD,CÍNTIA ROSA PEREIRA DE LIMA,"R$ 139,00","R$   69,50"
9786587019239,CAFÉ COOPERATIVO,TAÍS DI GIORNO,"R$ 139,00","R$   69,50"
9786556271286,CASEBOOK DE PROCESSO COLETIVO – VOL. I,EDILSON VITORELLI; HERMES ZANETI JR.,"R$ 139,00","R$   69,50"
9786556271309,CASEBOOK DE PROCESSO COLETIVO – VOL. II,EDILSON VITORELLI; HERMES ZANETI JR.,"R$ 139,00","R$   69,50"
9788584935307,"CONTRIBUIÇÕES DE INTERVENÇÃO NO DOMÍNIOECONÔMICO",DANIELA SILVEIRA LARA,"R$ 139,00","R$   69,50"
9786556270340,COVID-19 E OS IMPACTOS NO DIREITO,"FERNANDO RISTER DE SOUSA LIMA,GIANPAOLO","R$ 139,00","R$   69,50"
9786556273013,DANO SOCIAL,YURI FISBERG,"R$ 139,00","R$   69,50"
9788584935338,DECISÃO JUDICIAL,RENNAN F. KRUGER THAMAY; VANDERLEI G. JR,"R$ 139,00","R$   69,50"
9786556271651,DECISÃO JURÍDICA NA COMUNICATIVAÇÃO,ARTUR STAMFORD DA SILVA,"R$ 139,00","R$   69,50"
9788584934935,"DIALOGOS DO NOVO DIREITO PROCESSUALCIVIL","MORAIS, FABIOLA VIANNA; GOMES, FABIO L.","R$ 139,00","R$   69,50"
9786556271668,"DIREITO ADMINISTRATIVO SOCIAL EECONÔMICO",MARIA TEREZA FONSECA DIAS; FLÁVIO HENRI,"R$ 139,00","R$   69,50"
9788584936038,"DIREITO DOS VALORES MOBILIARIOS E DOSMERCADOS DE","A. BARRETO MENEZES CORDEIRO; FRANCISCOS","R$ 139,00","R$   69,50"
9786556270548,DIREITO PENAL ECONÔMICO,ROGÉRIO CURY,"R$ 139,00","R$   69,50"
9788598233420,"JEAN-JACQUES ROUSSEAU E A CIENCIAPOLITICA DE S...","DERATHE, ROBERT","R$ 139,00","R$   69,50"
9788584933235,LEI DA MATA ATLANTICA COMENTADA - 2 ED,"GAIO, ALEXANDRE","R$ 139,00","R$   69,50"
9786556272672,MANUAL DE PROCESSO CONSTITUCIONAL,"VIDAL SERRANO NUNES JÚNIOR; MARCELOSCIO","R$ 139,00","R$   69,50"
9789724420080,MANUSCRITOS ECONOMICO-FILOSOFICOS,KARL MARX,"R$ 139,00","R$   69,50"
9788584934744,O CONTRATO DE EPC,ADRIANA REGINA SARRA DE DEUS,"R$ 139,00","R$   69,50"
9788584934911,"O DIREITO DA CONSTRUÇÃO NO AMBIENTEINTERNACIONAL",FERNANDO MARCONDES,"R$ 139,00","R$   69,50"
9788562937200,O EXPORTADOR,NICOLA MINERVINI,"R$ 139,00","R$   69,50"
9788584934928,O MOMENTO DA FORMAÇÃO DO CONTRATO,RENATO GRECCO,"R$ 139,00","R$   69,50"
9788584936335,O PRINCIPIO DA BOA-FE NO DIREITO CIVIL,EDUARDO TOMASEVICIUS FILHO,"R$ 139,00","R$   69,50"
9788584933259,PODER JUDICIARIO - VOL II,"CONTI, JOSE MAURICIO","R$ 139,00","R$   69,50"
9786556271750,"PRESCRIÇÃO, DECADÊNCIA E VÍCIOS OCULTOS",WILLIAN NUNES ROSSATO,"R$ 139,00","R$   69,50"
9789724416182,"SADE, FOURIER, LOIOLA","BARTHES, ROLAND, 1915-1980","R$ 139,00","R$   69,50"
9786556271378,SISTEMAS TRIBUTÁRIOS NO MUNDO,MARCUS ABRAHAM; VÍTOR PIMENTEL PEREIRA,"R$ 139,00","R$   69,50"
9788584935116,TEORIA DA INVESTIGAÇÃO CRIMINAL - 2 ED,ELIOMAR DA SILVA PEREIRA,"R$ 139,00","R$   69,50"
9788584935154,"TRANSPARÊNCIA, COMPLIANCE E PRÁTICASANTICORRUPÇÃO",ANA FLÁVIA MESSA,"R$ 139,00","R$   69,50"
9788584934171,"GARANTIAS DE ADIMPLEMENTO DAADMINISTRACAO PUBLICA",JOSE VIRGILIO LOPES ENEI,"R$ 140,00","R$   70,00"
9788584932214,"GOVERNANCA CORPORATIVA DE BANCOS E ACRISE FINANC.",PAMELA ROMEU ROQUE,"R$ 140,00","R$   70,00"
9788584932719,"OPCAO DE COMPRA OU VENDA DE ACOES -NATUREZA JUR..","IGLESIAS, FELIPE CAMPANA PADIN","R$ 140,00","R$   70,00"
9789724411491,LINGUAGEM MODERNA DA ARQUITECT,"ZEVI, BRUNO","R$ 141,00","R$   70,50"
9789724416274,MORFOLOGIA SOCIAL,"HALBWACHS, MAURICE","R$ 141,00","R$   70,50"
9788584933969,ARBITRAGEM E CONEXÃO,PAULO MACEDO GARCIA NETO,"R$ 142,00","R$   71,00"
9788584933884,"DEVER DE REVELACAO DO ARBITRO, O","MARQUES, RICARDO TADEU DALMASO","R$ 142,00","R$   71,00"
9788584933587,"MANUAL LUSO - BRASILEIRO DE GESTAOJUDICIAL",VÁRIOS,"R$ 142,00","R$   71,00"
9788584933228,ÁRBITRO E DIREITO,RAFAEL FRANCISCO ALVES,"R$ 142,00","R$   71,00"
9789724415789,HISTORIA DOS JUDEUS PORTUGUESE,CARSTEN L. WILKE,"R$ 142,35","R$   71,18"
9789724089768,MEDICINA GERAL E FAMILIAR,"PAULO SANTOS; ALBERTO HESPANHOL; LUIZSA","R$ 142,35","R$   71,18"
9789724047065,A SORTE DÁ MUITO TRABALHO,RUTE VASCO; FERNANDO N. DE ALMEIDA,"R$ 145,00","R$   72,50"
9789724047201,ASAS SOBRE A AMERICA - WINGS O,VÁRIOS,"R$ 145,00","R$   72,50"
9789724035833,ESCUTAS TELEFONICAS - 2 ED,"VALENTE, MANUEL MONTEIRO GUEDE","R$ 145,00","R$   72,50"
9788584934423,JURISDIÇÃO E COMPETÊNCIA NO NOVO C.P.C.,ARTUR CÉSAR DE SOUZA,"R$ 145,00","R$   72,50"
9789724039343,NOVISSIMAS GUERRAS,"MOURA, TATIANA","R$ 145,00","R$   72,50"
9789724027913,QUALIDADE DE VIDA E ONCOLOGIA,"PIMENTEL, FRANCISCO","R$ 145,00","R$   72,50"
9788563182333,DEFESA DA CONCORRENCIA NO MERCOSUL,"CREUZ, LUIS RODOLFO CRUZ E","R$ 146,00","R$   73,00"
9788584932450,"TEORIA GERAL DAS INVALIDADES DO NEGOCIOJURIDICO",EDUARDO NUNES DE SOUZA,"R$ 147,00","R$   73,50"
9789724421827,DIALOGOS SOBRE A RELIGIAO NATURAL,"HUME, DAVID","R$ 147,26","R$   73,63"
9788584932733,"DIREITO ELEITORAL E LIBERDADE DEEXPRESSAO",DANIELA BUCCI,"R$ 148,00","R$   74,00"
9788584932023,"TUTELA JURIDICA DAS EXPRESSOESCULTURAIS, A","DRUMMOND, VICTOR GAMEIRO","R$ 148,00","R$   74,00"
9789724424163,A TRAGÉDIA GREGA,H.D.F. KITTO,"R$ 148,85","R$   74,43"
9789724417318,"CAMINHO PARA O FIM, O",TIMOTHY SNYDER,"R$ 148,85","R$   74,43"
9789724079257,CONTRATOS VI,CARLOS FERREIRA DE ALMEIDA,"R$ 148,85","R$   74,43"
9789724028453,"CONTRIBUTO PARA UMA TEORIA DO -9789724028453","NOVAIS, JORGE REIS","R$ 148,85","R$   74,43"
9789724089355,CÓDIGO DE PROCESSO PENAL 7a EDIÇÃO,ALMEDINA,"R$ 148,85","R$   74,43"
9789724423975,GEORGE ORWELL - ENSAIOS - 2021,GEORGE ORWELL,"R$ 148,85","R$   74,43"
9789724423951,O ESPIÃO PERFEITO,OWEN MATTHEWS,"R$ 148,85","R$   74,43"
9789724080666,"O ESPLENDOR DA LIBERDADE NO ENIGMACONSERVADOR",CARLOS MARQUES DE ALMEIDA,"R$ 148,85","R$   74,43"
9789724423081,O PODER SIMBÓLICO,PIERRE BOURDIEU,"R$ 148,85","R$   74,43"
9786556273709,20 ANOS DO ESTATUTO DA CIDADE,LILIAN REGINA GABRIEL MOREIRA PIRES,"R$ 149,00","R$   74,50"
9789724424507,A GRANDE GUERRA PELA CIVILIZAÇÃO - 3 ED,ROBERT FISK,"R$ 149,00","R$   74,50"
9786556273464,A IGUALDADE NA ARBITRAGEM,JOSÉ VICTOR PALAZZI ZAKIA,"R$ 149,00","R$   74,50"
9788584935390,ACESSO A JUSTICA,"SILVEIRA, RICARDO GERALDO REZENDE","R$ 149,00","R$   74,50"
9786556273143,AS NORMAS DE COMPETÊNCIA TRIBUTÁRIA,GUILHERME BROTO FOLLADOR,"R$ 149,00","R$   74,50"
9788584935352,"CIDADANIA, DIREITOS HUMANOS E EDUCAÇÃO",CAROLINA ALVES DE SOUZA LIMA,"R$ 149,00","R$   74,50"
9788584935796,"COMENTÁRIOS À LEI GERAL DE PROTEÇÃO DEDADOS",CÍNTIA ROSA PEREIRA DE LIMA,"R$ 149,00","R$   74,50"
9786556271644,"CONTRATO DE CONSTRUÇÃO FIDIC NEW REDBOOK",ANDRÉ CORDELLI ALVES,"R$ 149,00","R$   74,50"
9788584934362,DIREITO COMPARADO VOL I - 4 ED,DÁRIO MOURA VICENTE,"R$ 149,00","R$   74,50"
9788584933877,"DIREITO DAS OBRIGACOES-TEORIA GERAL ERESPONSAB...","PODESTA, FABIO HENRIQUE","R$ 149,00","R$   74,50"
9786556272405,"DIREITO TRIBUTÁRIO NOS TRIBUNAISSUPERIORES",GLAUCIA FRASCINO; ARIANE GUIMARÃES,"R$ 149,00","R$   74,50"
9789724415376,FUNDAMENTACAO DA METAFISICA DO - ED 2010,IMMANUEL KANT,"R$ 149,00","R$   74,50"
9786556270753,GOVERNANCE 4.0 PARA COVID-19 NO BRASIL,GILMAR FERREIRA MENDES; HADASSAH LAÍS S.,"R$ 149,00","R$   74,50"
9789724414645,HISTORIAS - LIVRO 5O,HERODOTO,"R$ 149,00","R$   74,50"
9786556272276,"IMPACTOS DA PANDEMIA NA AVIAÇÃO CIVILBRASILEIRA","MAURO CÉSAR SANTIAGO CHAVES; TIAGOSOUSA","R$ 149,00","R$   74,50"
9786556272337,"INTELIGÊNCIA ARTIFICIAL - ASPECTOS ÉTICO-JURÍDICOS",FELIPE BARCAROLLO,"R$ 149,00","R$   74,50"
9789724045887,"LIBERDADE DE GESTAO FISCAL DAS EMPRESAS,A",VÁRIOS,"R$ 149,00","R$   74,50"
9786556272733,LIBERDADE POLÍTICA E LIBERDADE RELIGIOSA,RODRIGO RIBEIRO DE SOUSA,"R$ 149,00","R$   74,50"
9788584935161,MANUAL DA TEORIA GERAL DO DIREITO,CARLOS CAMILLO,"R$ 149,00","R$   74,50"
9786556272726,MANUAL DE ARBITRAGEM - 2021 BR,ANA FLÁVIA MESSA; ARMANDO LUIZ ROVAI,"R$ 149,00","R$   74,50"
9786586618440,METODOLOGIA DA PESQUISA EM EDUCAÇÃO,JOÃO MATTAR; DANIELA KARINE RAMOS,"R$ 149,00","R$   74,50"
9788584935765,PRISAO E LIBERDADE - 3 ED,"MESSA, ANA FLAVIA","R$ 149,00","R$   74,50"
9786556273129,PROVA TESTEMUNHAL NO PROCESSO PENAL,PAULA THIEME KAGUEIAMA,"R$ 149,00","R$   74,50"
9786556272689,REFORMA TRIBUTÁRIA EM PAUTA,WESLEY ROCHA,"R$ 149,00","R$   74,50"
9786556271927,"ROBERTO CAMPOS - DIPLOMATA, ECONOMISTAE POLÍTICO",GILMAR FERREIRA MENDES; IVES GANDRA DA S,"R$ 149,00","R$   74,50"
9786556271873,"SEGURO, LOGÍSTICA E INFRAESTRUTURA -BRASIL EM CRE","CARLOS HENRIQUE ABRÃO;  FÁTIMA NANCYAND","R$ 149,00","R$   74,50"
9789724042015,"CRIMES DOS JORNALISTAS, OS","ARAUJO, CLAUDIA","R$ 152,00","R$   76,00"
9789724049199,"DIALOGOS URBANOS - TERRITORIOS,CULTURAS, PATRIMON","CARLOS FORTUNA, ROGERIO PROENCA LEITE","R$ 152,00","R$   76,00"
9789896940249,LIDERANCA - A VIRTUDE ESTA NO,VÁRIOS,"R$ 152,00","R$   76,00"
9789724412818,SOBRE A LIBERDADE,"STUART MILL, JOHN","R$ 152,00","R$   76,00"
9789898101112,COMO GERIR PESSOAS DIFICEIS,"MASON-DRAFFEN, CARRIE","R$ 153,00","R$   76,50"
9788584930982,CODIGO DE PROCESSO CIVIL - COMENTADO,"CAMARA, HELDER MORONI","R$ 154,00","R$   77,00"
9789898866714,ROSAS ESQUECIDAS,MARTHA HALL KELLY,"R$ 155,00","R$   77,50"
9789724090115,"ATUAIS E DISSONANTES TEMAS DE REGISTOPREDIAL",J. A. MOUTEIRA GUERREIRO,"R$ 155,35","R$   77,68"
9789724052014,"CRISE E O DIREITO, A","GOUVEIA, JORGE BACELAR; PICARRA, NUNO","R$ 155,35","R$   77,68"
9789724065717,"DEMOCRACIA E IMIGRACAO - QUANTOSESTRANGEIROS...","MATTIAZZI, GIULIO","R$ 155,35","R$   77,68"
9789724073156,GUIA DA ARBITRAGEM TRIBUTARIA - 2018,"NUNO VILLA-LOBOS , TANIA CARVALHAIS PERE","R$ 155,35","R$   77,68"
9789724415239,O IMPERIO OTOMANO,"QUATAERT, DONALD","R$ 155,35","R$   77,68"
9789896940126,O NOVO MANIFESTO CAPITALISTA,"HAQUE, UMAIR","R$ 156,00","R$   78,00"
9788584932054,RECURSOS NO NOVO C.P.C.,ARTUR CÉSAR DE SOUZA,"R$ 156,00","R$   78,00"
9789724032122,EDUCACAO DE ADULTOS E INTERVEN,"ANTUNES, MARIA DA CONCEICAO","R$ 157,00","R$   78,50"
9788584931255,DISPOSICOES FINAIS E DIREITO TRANSITORIO...,ARTUR CÉSAR DE SOUZA,"R$ 158,00","R$   79,00"
9786556272443,ARBITRAGEM E DEVIDO PROCESSO LEGAL,YURI MACIEL ARAUJO,"R$ 159,00","R$   79,50"
9789724077819,"ATAS DO I CONGRESSO DE DIREITO DOURBANISMO",FERNANDA PAULA OLIVEIRA,"R$ 159,00","R$   79,50"
9789724071633,AVAL E INSOLVENCIA,"CUNHA, CAROLINA","R$ 159,00","R$   79,50"
9786556273716,CONTRATANDO SEM LICITAÇÃO,SIDNEY BITTENCOURT,"R$ 159,00","R$   79,50"
9786556270586,CONTRATANDO SEM LICITAÇÃO - 2ED,SIDNEY BITTENCOURT,"R$ 159,00","R$   79,50"
9789724421179,"DESCOLONIZACOES - RELER AMILCAR CABRAL,CESAIRE..","SANCHES, MANUELA RIBEIRO","R$ 159,00","R$   79,50"
9786556270661,DIREITO 4.0,ANTONIO JOSÉ F. DE S. PÊCEGO,"R$ 159,00","R$   79,50"
9786556270371,DIREITO DO TRABALHO E NOVAS TECNOLOGIAS,WERNER KELLER,"R$ 159,00","R$   79,50"
9786556271095,DIREITO E NOVAS TECNOLOGIAS,MARIA ISABEL CARVALHO SICA LONGHI; ANDRÉ,"R$ 159,00","R$   79,50"
9786556270432,DIREITO TRIBUTARIO APLICADO,JOSE LUIS RIBEIRO BRAZUNA,"R$ 159,00","R$   79,50"
9786556272481,DIREITOS HUMANOS,PRISCILA CANEPARO,"R$ 159,00","R$   79,50"
9786556272016,ENRIQUECIMENTO SEM CAUSA - 2021,RENATO DUARTE FRANCO DE MORAES,"R$ 159,00","R$   79,50"
9789724420141,"GUERRA SECRETA, A - 1 ED","FARAGO, LADISLAS","R$ 159,00","R$   79,50"
9789724414638,HISTORIAS - LIVRO 4O,HERODOTO,"R$ 159,00","R$   79,50"
9786556272559,JUSTIÇA CONSENSUAL,AMANDA FEDERICO LOPES FERNANDES,"R$ 159,00","R$   79,50"
9786556270111,"O DIREITO DOS TRUSTS NA PERSPECTIVAINTERNACIONAL,",VERONICA SCRIPTORE FREIRE E ALMEIDA,"R$ 159,00","R$   79,50"
9786556270104,O DIREITO DOS TRUSTS NO BRASIL,VERONICA SCRIPTORE FREIRE E ALMEIDA,"R$ 159,00","R$   79,50"
9789899978539,O HOMEM QUE DUVIDAVA,ETHAN CANIN,"R$ 159,00","R$   79,50"
9786556273433,OS DIREITOS DOS POVOS INDÍGENAS,SAMIA ROGES JORDY BARBIERI,"R$ 159,00","R$   79,50"
9786556272535,PRECIFICAÇÃO PERSONALIZADA,BRUNO YUDI SOARES KOGA,"R$ 159,00","R$   79,50"
9786556272283,"PROTEÇÃO DA SAÚDE E SEGURANÇA DOTRABALHADOR","OLÍVIA DE QUINTANA FIGUEIREDOPASQUALETO","R$ 159,00","R$   79,50"
9786556272511,REPERCUSSÃO GERAL NO DIREITO TRIBUTÁRIO,"MARCOS AURÉLIO PEREIRA VALADÃO;RICARDO","R$ 159,00","R$   79,50"
9786556273006,TEORIA DOS GASTOS FUNDAMENTAIS,MARCUS ABRAHAM,"R$ 159,00","R$   79,50"
9789724413730,"PROVEDOR, O","OKRENT, DANIEL","R$ 160,00","R$   80,00"
9789898101150,QUALQUER UM CONSEGUE,"HASHEMI, BOBBY; HASHEMI, SAHAR","R$ 160,00","R$   80,00"
9789729972089,"SOU DIRECTOR, E AGORA?","CITRIN, JAMES M.; NEFF, THOMAS J.","R$ 160,00","R$   80,00"
9789729972003,VENCEDORES NATOS - 2 ED,"SIEGER, ROBIN","R$ 160,00","R$   80,00"
9788584932368,"RECURSO EXTRAORDINARIO E RECURSOESPECIAL",ARTUR CÉSAR DE SOUZA,"R$ 161,00","R$   80,50"
9789724061849,"A TUTELA CONSTITUCIONAL DA AUTONOMIAPRIVADA",ANA PRATA,"R$ 161,85","R$   80,93"
9789724421414,"CIVILIZACAO ROMANA, A - ED 2018",PIERRE GRIMAL,"R$ 161,85","R$   80,93"
9789724081212,CONTRATOS - PERTURBACOES NA EXECUÇÃO,CATARINA MONTEIRO PIRES,"R$ 161,85","R$   80,93"
9789724082653,"ECONOMIC PROFIT E GESTÃO BASEADA NOVALOR",JORGE FARINHA,"R$ 161,85","R$   80,93"
9789724413648,"FIM DO MUNDO ANTIGO E O PRINCIPIO DA IDADEMED., O",FERDINAND LOT,"R$ 161,85","R$   80,93"
9789724420042,"HISTORIA DE ROMA - DA FUNDACAO A QUEDADO IMPERIO",INDRO MONTANELLI,"R$ 161,85","R$   80,93"
9789724055886,TEMAS DE DIREITO DAS CRIANCAS,MARIA CLARA SOTTOMAYOR,"R$ 161,85","R$   80,93"
9789896943042,"TURISMO NO CENTRO DE PORTUGAL -POTENCIALIDADES..","CORREIA, ANTONIA; BARBAS, ANTONIO PEDRO","R$ 161,85","R$   80,93"
9789724416533,AS BACANTES - REIMPRESSÃO,EURÍPIDES,"R$ 162,66","R$   81,33"
9789724035475,"NOVA ORDEM EDUCACIONAL, A","ANTUNES, FATIMA","R$ 163,00","R$   81,50"
9789724416281,O ESTADO NOVO EM QUESTAO,"DOMINGOS, NUNO","R$ 163,00","R$   81,50"
9788584933945,"ESTUDOS SOBRE A JURISDICAOCONSTITUCIONAL - VOL.II",ANDRE RUFINO DO VALE · FABIO LIMA QUINTA,"R$ 164,00","R$   82,00"
9789724024622,O RETORNO DO MITO,"MARDONES, JOSE M.","R$ 166,15","R$   83,08"
9788584932047,NOVA LEI ANTITRUSTE BRASILEIRA..,"TAUFICK, ROBERTO DOMINGOS","R$ 168,00","R$   84,00"
9789724424248,"A GRANDE TRANSFORMAÇÃO - AS ORIGENSPOLÍTICAS E ..",KARL POLANYI,"R$ 168,35","R$   84,18"
9789724070230,"DIREITO COMERCIAL E DAS SOCIEDADES-ENTRE..",MARIA ELISABETE RAMOS,"R$ 168,35","R$   84,18"
9789896942748,"MARKETING INTERNACIONAL - NEGOCIOS AESCALA GLOBAL","SUSANA CRISTINA LIMA DA COSTA E SILVA, R","R$ 168,35","R$   84,18"
9789724091419,"O CONTROLO FINANCEIRO EXTERNO DOESTADO",ANTÓNIO RIBEIRO GAMEIRO,"R$ 168,35","R$   84,18"
9789724416069,ANTROPOLOGIA DAS RELIGIÕES,LIONEL OBADIA,"R$ 169,00","R$   84,50"
9786556271880,"CONSULTA FISCAL FEDERAL - ANÁLISECOMPARADA",RENATA ANDRÉA JONER PARRY,"R$ 169,00","R$   84,50"
9788584936021,CRIME ORGANIZADO - 2 ED,ANA FLÁVIA MESSA; JOSÉ REINALDO GUIMARÃE,"R$ 169,00","R$   84,50"
9786556273273,"DIREITO CONTRATUAL E CONVENÇÃO DE VIENA(CISG)","GUSTAVO SANTOS KULESZA ; RODRIGOMOREIRA","R$ 169,00","R$   84,50"
9786556270388,DIREITO DOS SEGUROS 1 EDICAO,MAURICIO SALOMONI GRAVINA,"R$ 169,00","R$   84,50"
9789724416427,"ELEMENTOS DE ANTROPOLOGIA SOCIAL ECULTURAL","COLLEYN, JEAN-PAUL","R$ 169,00","R$   84,50"
9789898101815,ENCONTRAR EMPREGO DEPOIS DOS 50,"WOODWARD, JEANNETTE","R$ 169,00","R$   84,50"
9786556271057,MICHEL FOUCAULT,GUILHERME ROMAN BORGES,"R$ 169,00","R$   84,50"
9789724037431,COISA JULGADA CONSTITUCIONAL,"SOARES, CARLOS HENRIQUE","R$ 170,00","R$   85,00"
9789724040684,ARQUITECTURA DE CINE-TEATROS,"SILVA, SUSANA CONSTANTINO P.","R$ 173,00","R$   86,50"
9789724042428,CONTRIBUTOS PARA AS SOCIEDADES,ASAP - ASSOC.SOC.ADVOG.PORTUGA,"R$ 173,00","R$   86,50"
9789724037936,"EMERGENCIA DA NOVA ECONOMIA, A","GAMA, ANA PAULA MATIAS","R$ 173,00","R$   86,50"
9789724042947,III CONGRESSO DO CENTRO DE ARB,VÁRIOS,"R$ 173,00","R$   86,50"
9789724043234,MOVIMENTOS NA JUSTICA,"DUARTE, MADALENA","R$ 173,00","R$   86,50"
9789724041636,O EXERCITO DOS INVISIVEIS,"CHIURI, MARIA CONCETTA","R$ 173,00","R$   86,50"
9789724037813,"PROCEDIMENTO DE CONTROLO DAS OP. DECONC., O","FERREIRA, LUIS DO N.; FONSECA, MARGARIDA","R$ 173,00","R$   86,50"
9789724038971,TEORIA GERAL DA ESTRATEGIA,"RIBEIRO, ANTONIO SILVA","R$ 173,00","R$   86,50"
9788584930418,"CODIGO DE PROCESSO CIVIL BRASILEIRO - VOL.I",ARTUR CÉSAR DE SOUZA,"R$ 174,00","R$   87,00"
9789724058351,"DITADURAS E REVOLUCAO - DEMOCRACIA EPOLITICAS...","MANUEL LOFF, FILIPE PIEDADE, LUCIANA CAS","R$ 174,85","R$   87,43"
9789724078472,"FINTECH - DESAFIOS DA TECNOLOGIAFINANCEIRA - 2019",ANTÓNIO MENEZES CORDEIRO,"R$ 174,85","R$   87,43"
9789724416021,"IMPERIO MARITIMO PORTUGUES 1415-1825, O","BOXER, CHARLES","R$ 174,85","R$   87,43"
9789724413846,DIALOGO SOBRE A FELICIDADE,"AGOSTINHO, SANTO","R$ 175,63","R$   87,82"
9789724032016,ARQUITECTURAS EM PALCO,"RIBEIRO, JOAO MENDES","R$ 177,00","R$   88,50"
9789724046891,LEI DOS SERVICOS PUBLICOS ESSE,VÁRIOS,"R$ 177,00","R$   88,50"
9789724039299,"PORTUGAL, BRASIL E O MUNDO DO DIREITO",VÁRIOS,"R$ 177,00","R$   88,50"
9788584930548,"CODIGO DE PROCESSO CIVIL BRASILEIRO - VOL.II",ARTUR CÉSAR DE SOUZA,"R$ 178,00","R$   89,00"
9789724416205,DEZ GRANDES ESTADISTAS ATENIEN,VÁRIOS,"R$ 178,00","R$   89,00"
9788584934379,DIREITO COMPARADO VOL II - 4 ED,DÁRIO MOURA VICENTE,"R$ 178,00","R$   89,00"
9786556273495,A NOVA LEI DE LICITAÇÕES,WESLEY ROCHA; FÁBIO SCOPEL VANIN; PEDRO,"R$ 179,00","R$   89,50"
9789724044439,ANDAR NA VIDA,ALEXANDRA OLIVEIRA,"R$ 179,00","R$   89,50"
9786587019062,"ANÁLISE ECONÔMICA DO DIREITO - TEMASCONTEMPORÂNEO",LUCIANA YEUNG,"R$ 179,00","R$   89,50"
9786556272931,"AUTOCONTENÇÃO JUDICIAL E JURISDIÇÃOCONSTITUCIONAL",JULIO GROSTEIN,"R$ 179,00","R$   89,50"
9786556273457,DIREITO DE IGUALDADE,DIMITRI DIMOULIS,"R$ 179,00","R$   89,50"
9786556270715,"EFICIÊNCIA PROBATÓRIA E A ATUALJURISPRUDÊNCIA DO",GISELE BARRA BOSSA,"R$ 179,00","R$   89,50"
9786556273655,EVOLUÇÃO DO DIREITO SOCIETÁRIO,MARIANA PARGENDLER,"R$ 179,00","R$   89,50"
9789724042480,"JUSTO VALOR E IMPARIDADE EM ACTIVOSFIXOS","MARTINS, ANTONIO","R$ 179,00","R$   89,50"
9786556272573,LIBER AMICORUM TERESA ANCONA LOPEZ,JOSÉ FERNANDO SIMÃO; TIAGO PAVINATTO,"R$ 179,00","R$   89,50"
9789724075372,MANUAL DE SOCIOLOGIA POLITICA,"GRACA, JOAO CARLOS","R$ 179,00","R$   89,50"
9786587017174,PANARQUIA,ÁLVARO CARDOSO GOMES,"R$ 179,00","R$   89,50"
9789724061146,PARCERIAS PUBLICO-PRIVADAS,JOSE MANUEL BRAZ DA SILVA,"R$ 179,00","R$   89,50"
9789724041049,"REFORMA DO SECTOR DA SAUDE, A",VÁRIOS,"R$ 179,00","R$   89,50"
9786556273204,SUBSTITUIÇÃO TRIBUTÁRIA,RICARDO SIQUEIRA DE CARVALHO,"R$ 179,00","R$   89,50"
9786556272047,"TRATADO DA UNIÃO DE FATO - TRATADO DE LAUNIÓN",REGINA BEATRIZ TAVARES DA SILVA; ATALÁ C,"R$ 179,00","R$   89,50"
9788584936045,"TUTELA INTERNACIONAL DA PROPRIEDADE, A 2ED",DÁRIO MOURA VICENTE,"R$ 179,00","R$   89,50"
9789724046051,DIR.SOC.EM REVISTA ANO 3 VOL 6,VÁRIOS,"R$ 180,00","R$   90,00"
9789724047478,REV.DIR.SOCIEDADES ANO 3 NO3,VÁRIOS,"R$ 180,00","R$   90,00"
9772446616619,"REVISTA DE DIREITO DAS SOCIED.E DOS VAL.MOB-COM",VÁRIOS,"R$ 180,00","R$   90,00"
9772446616626,"REVISTA DE DIREITO DAS SOCIED.E DOS VAL.MOB-ESPEC",ERASMO V. A. E NOVAES; NELSON EIZIRIK,"R$ 180,00","R$   90,00"
9772446616022,"REVISTA DE DIREITO DAS SOCIED.E DOS VAL.MOB. N 2",ERASMO V. A. E NOVAES; NELSON EIZIRIK,"R$ 180,00","R$   90,00"
9772446616039,"REVISTA DE DIREITO DAS SOCIED.E DOS VAL.MOB. N 3",ERASMO V. A. E NOVAES; NELSON EIZIRIK,"R$ 180,00","R$   90,00"
9772446616046,"REVISTA DE DIREITO DAS SOCIED.E DOS VAL.MOB. N 4",ERASMO V. A. E NOVAES; NELSON EIZIRIK,"R$ 180,00","R$   90,00"
9772446616060,"REVISTA DE DIREITO DAS SOCIED.E DOS VAL.MOB. N 6",ERASMO V. A. E NOVAES; NELSON EIZIRIK,"R$ 180,00","R$   90,00"
9772446616077,"REVISTA DE DIREITO DAS SOCIED.E DOS VAL.MOB. N 7",ERASMO V. A. E NOVAES; NELSON EIZIRIK,"R$ 180,00","R$   90,00"
9772446616084,"REVISTA DE DIREITO DAS SOCIED.E DOS VAL.MOB. N 8",ERASMO V. A. E NOVAES; NELSON EIZIRIK,"R$ 180,00","R$   90,00"
9772446616091,"REVISTA DE DIREITO DAS SOCIED.E DOS VAL.MOB. N 9",ERASMO V. A. E NOVAES; NELSON EIZIRIK,"R$ 180,00","R$   90,00"
9772446616107,"REVISTA DE DIREITO DAS SOCIED.E DOS VAL.MOB. N10",ERASMO V. A. E NOVAES; NELSON EIZIRIK,"R$ 180,00","R$   90,00"
9772446616121,"REVISTA DE DIREITO DAS SOCIED.E DOS VAL.MOB. N12",ERASMO V. A. E NOVAES; NELSON EIZIRIK,"R$ 180,00","R$   90,00"
9789724415741,AS PRIMEIRAS CIVILIZACOES,"LEVEQUE, PIERRE","R$ 181,35","R$   90,68"
9789724413785,COSA NOSTRA - 9789724413785,"DICKIE, JOHN","R$ 181,35","R$   90,68"
9789724041490,DIREITO CONSTITUCIONAL VOL.I - 9789724041490,"OTERO, PAULO","R$ 181,35","R$   90,68"
9789896942380,"ECONOMIA DO BEM E DO MAL, A","SEDLACEK, TOMAS","R$ 181,35","R$   90,68"
9789724067377,ELEMENTOS DE METODOLOGIA JURIDICA,JOSE LAMEGO,"R$ 181,35","R$   90,68"
9789724416458,"GRANDE DIVERGENCIA, A","POMERANZ, KENNETH","R$ 181,35","R$   90,68"
9789724073644,INTRODUCAO A ECONOMETRIA - 2018,"JOSE MURTEIRA , VITOR CASTRO","R$ 181,35","R$   90,68"
9789724076874,"MANUAL DE DIREITO DOS VALORESMOBILIARIOS - 2018",A. BARRETO MENEZES CORDEIRO,"R$ 181,35","R$   90,68"
9789724043708,"MALTRATO E TRAUMA NA INFANCIA -9789724043708","ALBERTO, ISABEL MARIA MARQUES","R$ 184,00","R$   92,00"
9789724045818,TRATADO DE DIREITO ADMINISTRAT,VÁRIOS,"R$ 184,00","R$   92,00"
9789724040233,ENSAIOS DE ECONOMIA IMPURA - 2 ED,"REIS, JOSE","R$ 185,00","R$   92,50"
9789724042244,ESTUDOS SOBRE AUTONOMIAS TERRI,JOSÉ CASALTA NABAIS,"R$ 185,00","R$   92,50"
9789724040844,IMIGRANTES EM PORTUGAL,VÁRIOS,"R$ 185,00","R$   92,50"
9789724041827,MISCELANEAS NO6 - CORPORATE GO,INSTITUTO DIREITO DO TRABALHO,"R$ 185,00","R$   92,50"
9789724043944,REV.CONC.REGULACAO ANO I - NO3,"CONCORRENCIA, AUTORIDADE DA","R$ 185,00","R$   92,50"
9789724044774,REV.CONC.REGULACAO ANO I - NO4,"CONCORRENCIA, AUTORIDADE DA","R$ 185,00","R$   92,50"
9789724045931,REV.CONC.REGULACAO ANO II - N5,"CONCORRENCIA, AUTORIDADE DA","R$ 185,00","R$   92,50"
9789724046945,REV.CONC.REGULACAO ANO II- NO6,"CONCORRENCIA, AUTORIDADE DA","R$ 185,00","R$   92,50"
9789724041957,"HUMANIDADES, OS ESTUDOS CULTURAIS, OENSINO..., AS",VITOR AGUIAR SILVA,"R$ 186,00","R$   93,00"
9789724039220,"PAISES DE LINGUA PORTUGUESA E A CHINA, OS","DAN, WEI","R$ 186,00","R$   93,00"
9789724041025,REV.CONC.REGULACAO ANO I - NO1,"CONCORRENCIA, AUTORIDADE DA","R$ 186,00","R$   93,00"
9789724042343,REV.CONC.REGULACAO ANO I - NO2,"CONCORRENCIA, AUTORIDADE DA","R$ 186,00","R$   93,00"
9788584930555,"CODIGO DE PROCESSO CIVIL BRASILEIRO - VOL.III",ARTUR CÉSAR DE SOUZA,"R$ 187,00","R$   93,50"
9789724019277,DA COMPENSACAO - NO DIREITO CI,ANTÓNIO MENEZES CORDEIRO,"R$ 187,53","R$   93,77"
9789724416588,A SOCIEDADE ABERTA E OS SEUS INIMIGOS,KARL POPPER,"R$ 187,85","R$   93,93"
9789896942984,"MANUAL DE GESTAO MODERNA - TEORIA EPRATICA",MANUEL ALBERTO RAMOS MACAES,"R$ 187,85","R$   93,93"
9789724418919,A IMAGEM E A SUA INTERPRETACAO,MARTINE JOLY,"R$ 189,00","R$   94,50"
9788584932320,DIREITO A FELICIDADE,SAUL TOURINHO LEAL,"R$ 189,00","R$   94,50"
9786556271811,PARECERES DE DIREITO PÚBLICO E PRIVADO,ANTONIO CEZAR PELUSO,"R$ 189,00","R$   94,50"
9786556272603,PRATICABILIDADE TRIBUTÁRIA,CARLOS RENATO CUNHA,"R$ 189,00","R$   94,50"
9789724412672,PRINCIPIOS DE FILOSOFIA,DESCARTES,"R$ 189,00","R$   94,50"
9789724420097,PROPEDEUTICA FILOSOFICA,GEORG WILHELM FRIEDRICH HEGEL,"R$ 189,00","R$   94,50"
9789724046846,DEONTOLOGIA DO JORNALISMO,"CAMPONEZ, CARLOS","R$ 192,00","R$   96,00"
9789724047232,ESTUDOS DE PSICOLOGIA VOCACIONAL,"TAVEIRA, MARIA DO CEU","R$ 192,00","R$   96,00"
9789896940102,O LADO POSITIVO,VÁRIOS,"R$ 192,00","R$   96,00"
9789724045771,VIVENCIAS INTIMAS VIOLENTAS,"CARIDADE, SONIA","R$ 192,00","R$   96,00"
9789724414850,NOVA ATLANTIDA - A GRANDE INST,"BACON, FRANCIS","R$ 192,86","R$   96,43"
9789724041841,DIR.SOC.EM REVISTA ANO 2 VOL 3,VÁRIOS,"R$ 194,00","R$   97,00"
9789724043364,DIR.SOC.EM REVISTA ANO 2 VOL 4,VÁRIOS,"R$ 194,00","R$   97,00"
9789724018270,POST-MODERNISMO NO ROMANCE POR,"ARNAUT, ANA PAULA","R$ 194,00","R$   97,00"
9789724075686,DIREITO ELEITORAL,JORGE MIRANDA,"R$ 194,35","R$   97,18"
9789724064512,OS NOVOS ATORES DA JUSTICA PENAL,"MARIA JOAO ANTUNES, CLAUDIA CRUZ SANT...","R$ 194,35","R$   97,18"
9789724047775,"TRATADO DE DIREITO ADMINISTRAT -9789724047775",VÁRIOS,"R$ 194,35","R$   97,18"
9789724044255,"PROTECCAO DE CRIANCAS E JOVENS -9789724044255","BORGES, BEATRIZ MARQUES","R$ 195,00","R$   97,50"
9789724050003,"POSICAO DE ANGOLA NA ARQUIT. DE PAZ ESEGURANCA, A","BERNARDINO, LUIS MANUEL BRAS","R$ 197,00","R$   98,50"
9788584933266,PROCESSO ADMINISTRATIVO FISCAL,"ROCHA, SERGIO ANDRE","R$ 197,00","R$   98,50"
9789724036762,"ESPUMA DO TEMPO, A","MOREIRA, ADRIANO","R$ 198,00","R$   99,00"
9789724047683,"HISTORIA DO PENSAMENTO POLITICOOCIDENTAL",DIOGO FREITAS DO AMARAL,"R$ 199,00","R$   99,50"
9789896945602,OS GRANDES PENSADORES DA ECONOMIA,JONATHAN CONLIN,"R$ 199,00","R$   99,50"
9789724413679,ETICA E INFINITO - 9789724413679,EMMANUEL LEVINAS,"R$ 199,13","R$   99,57"
9789724420202,"ADRIANO DE SOUSA LOPES - UM PINTOR NAGDE. GUERRA",CARLOS SILVEIRA,"R$ 200,85","R$ 100,43"
9789898866707,KILLING EVE,LUKE JENNINGS,"R$ 202,16","R$ 101,08"
9789724047546,REV.CON.REGULACAO ANO II-NO7/8,"CONCORRENCIA, AUTORIDADE DA","R$ 204,00","R$ 102,00"
9789724039985,MARCA DO DISTRIBUIDOR,"SIMOES, FERNANDO DIAS","R$ 205,00","R$ 102,50"
9789724042107,TEMAS DA REF.PROC.CIVIL - IV - 9789724042107,"GERALDES, ANTONIO SANTOS A.","R$ 205,00","R$ 102,50"
9789724415413,TEOLOGIA POLITICA,"SCATTOLA, MERIO","R$ 205,00","R$ 102,50"
9789724061320,DIREITO DOS PETROLEOS - 2015,DÁRIO MOURA VICENTE,"R$ 207,35","R$ 103,68"
9789724054377,"LITIGANCIA DE MA FE, ABUSO DO DIREITO DEACCAO...",ANTÓNIO MENEZES CORDEIRO,"R$ 207,35","R$ 103,68"
9789724077642,"PRINCIPIOS ESTRUTURANTES DE ESTADO DEDIREITO","NOVAIS, JORGE REIS","R$ 207,35","R$ 103,68"
9789724077277,"RESPONSABILIDADE PRE-CONTRATUAL - UMAPERSPECTIVA.","PRATA, ANA","R$ 207,35","R$ 103,68"
9789724043883,"CURSO PROCESSO DE EXECUCAO -9789724043883","FERREIRA, FERNANDO AMANCIO","R$ 208,00","R$ 104,00"
9789724001500,DISSOLUCAO E LIQUIDACAO DE SOC,RAUL RODRIGUES VENTURA,"R$ 208,00","R$ 104,00"
9789724414430,"VERDADEIRO FIDEL CASTRO, O","COLTMAN, LEYCESTER","R$ 208,00","R$ 104,00"
9789896941574,LIDERANCA: LICOES DE VIDA,"FERGUSON, ALEX; MORITZ, MICHAEL","R$ 209,00","R$ 104,50"
9789724048642,"JULIAO SARMENTO.WOMEN,HOUSES,PLANTS2008 201",JULIAO SARMENTO,"R$ 213,00","R$ 106,50"
9789724415277,O LIVRO DOS SABERES,VON BARLOEWEN,"R$ 213,00","R$ 106,50"
9789724077345,"DIGNIDADE DA PESSOA HUMANA, A - VOL.II - 2ED","NOVAIS, JORGE REIS","R$ 213,85","R$ 106,93"
9789896942731,"DISTRIBUICAO - GESTAO DE PONTOS DE VENDAE DE RET","PEDRO QUELHAS BRITO, JOAQUIM MONTEIROPR","R$ 213,85","R$ 106,93"
9789724079530,"DIREITO CONSTITUCIONAL E ADMINISTRATIVOSEM FRONT.",VASCO PEREIRA DA SILVA,"R$ 213,87","R$ 106,94"
9789724076881,"PRINCIPIO DA CONFIANCA E CRIMESNEGLIGENTES","FIDALGO, SONIA MARIZA FLORENCIO","R$ 213,87","R$ 106,94"
9789724419619,HERMENEUTICA - 2 ED. 2018,RICHARD E. PALMER,"R$ 214,46","R$ 107,23"
9789724415635,O MARAVILHOSO E O QUOTIDIANO,"LE GOFF, JACQUES","R$ 215,82","R$ 107,91"
9789724415543,COMPENDIO DE LITERATURA GREGA,"ROMILLY, JACQUELINE DE","R$ 219,00","R$ 109,50"
9789724048000,A COR DO TEMPO QUANDO FOGE - VOL II,BOAVENTURA DE SOUSA SANTOS,"R$ 220,00","R$ 110,00"
9789724065595,"GOVERNACAO DE BANCOS NOS SIST.JURIDICOS, A",VÁRIOS,"R$ 220,00","R$ 110,00"
9789724047140,LIBER AMICORUM: MARIO FROTA,VÁRIOS,"R$ 220,00","R$ 110,00"
9789724071442,RESOLUCAO ALTERNATIVA DE LITIGIOS - 2017,"JOSE CARLOS S.MACHADO,MARIANA","R$ 220,35","R$ 110,18"
9789724412962,HISTORIA DO ABORTO,"GALEOTTI, GIULIA","R$ 225,70","R$ 112,85"
9789724081564,"CONTABILIDADE DAS SOCIEDADES ECONSOLIDACAO DE CON","SANDRA MARIA GERALDES ALVES, CECILIA CAR","R$ 226,85","R$ 113,43"
9789724077390,"CONTRATOS IV - FUNCOES. CIRCUNSTANCIAS.INTERPRET.","ALMEIDA, CARLOS FERREIRA DE","R$ 226,85","R$ 113,43"
9789724076270,GARANTIAS DAS OBRIGACOES  - 2018,LUÍS MANUEL TELES DE MENEZES LEITÃO,"R$ 226,85","R$ 113,43"
9789724416571,HISTORIA DA AMERICA LATINA,EDWIN WILLIAMSON,"R$ 226,85","R$ 113,43"
9789724413839,OS TEMPLARIOS,"FRALE, BARBARA","R$ 227,63","R$ 113,82"
9789724074368,"PNEUMATOFORO - ESCRITOS POLITICOS (1981-2018)",BOAVENTURA DE SOUSA SANTOS,"R$ 229,00","R$ 114,50"
9789724416335,OS TEMPOS HIPERMODERNOS,"LIPOVETSKY, GILES","R$ 229,09","R$ 114,55"
9789896946005,MARKETING 5.0,PHILIP KOTLER; HERMAWAN KARTAJAYA; IWAN,"R$ 230,00","R$ 115,00"
9789724418391,HISTORIA DE ISRAEL - 2014,"GILBERT, MARTIN","R$ 233,35","R$ 116,68"
9789898101723,RESOLUCAO DE CONFLITOS,"STEPHEN GOLDBERG; JEANNE BRETTT;WILLIAM","R$ 233,93","R$ 116,97"
9788584932313,"MEDIDAS DE REDUCAO DO CONTENCIOSOTRIBUTARIO","SALUSSE, EDUARDO; BOSSA, GISELE","R$ 236,00","R$ 118,00"
9789896940034,DE QUE COR E O SEU PARA-QUEDAS,"BOLLES, RICHARD N.","R$ 239,00","R$ 119,50"
9789896943028,"DILEMA DA INOVACAO, O",CLAYTON M. CHRISTENSEN,"R$ 239,60","R$ 119,80"
9789724075716,ECONOMIA DA SAUDE 4EDICAO,PEDRO PITA BARROS,"R$ 239,84","R$ 119,92"
9789724418742,"ISLAO - PASSADO, PRESENTE E FUTURO - 2017","KUNG, HANS","R$ 239,85","R$ 119,93"
9789724043111,"CONTRA-ORDENACOES LABORAIS -9789724043111","RIBEIRO, JOAO SOARES","R$ 243,00","R$ 121,50"
9789724419435,OS INIMIGOS INTIMOS DA DEMOCRACIA,"TODOROV, TZVETAN","R$ 245,85","R$ 122,93"
9789724418117,"O IMPERIO DA VISAO. FOTOGRAFIA NOCONTEXTO ...","VICENTE, FILIPA LOWNDES","R$ 246,35","R$ 123,18"
9788584934751,ARGUMENTAÇÃO CONSTITUCIONAL,ANDRÉ RUFINO DO VALE,"R$ 249,00","R$ 124,50"
9789896941154,NUNCA ALMOCE SOZINHO - 2 ED,"FERRAZZI, KEITH; RAZ, TAHL","R$ 249,00","R$ 124,50"
9788584933976,"CONTROVERSIAS ATUAIS EMRESPONSABILIDADE CIVIL","EDUARDO NUNES DE SOUZA, RODRIGO DAGUIA","R$ 253,00","R$ 126,50"
9788584932795,"NEOCONSTITUCIONALISMO ENEOPROCESSUALISMO - 2 ED.",EDUARDO CAMBI,"R$ 253,00","R$ 126,50"
9789724414171,HISTORIA DA LINGUAGEM - 9789724414171,"KRISTEVA, JULIA","R$ 255,28","R$ 127,64"
9789724417561,AS CRUZADAS VISTAS PELOS ARABES,"MAALOUF, AMIN","R$ 256,70","R$ 128,35"
9789724065601,"AUTORIZACAO, A","VASCONCELOS, PEDRO LEITAO PAIS DE","R$ 259,35","R$ 129,68"
9789724415857,DICIONARIO DE FILOSOFIA - 9789724415857,"MAUTNER, THOMAS","R$ 259,35","R$ 129,68"
9789724071008,FISCALIZACAO DA CONSTITUCIONALIDADE,JORGE MIRANDA,"R$ 259,35","R$ 129,68"
9789724078243,MANUAL DE DIREITO INDUSTRIAL - 2019,LUIS MANUEL COUTO GONCALVES,"R$ 259,35","R$ 129,68"
9789724414546,MONTAILLOU: CATAROS E CATOLICOS,"LADURIE, EMMANUEL LE ROY","R$ 265,12","R$ 132,56"
9789724418841,"IRMANDADES DE SANGUE - AS ORIGENS DASMAFIAS ITALI",JOHN DICKIE,"R$ 269,76","R$ 134,88"
9789724413945,"CIVILIZACAO GREGA, A - BONNARD","BONNARD, ANDRE","R$ 272,35","R$ 136,18"
9788584934188,CRIMES CONTRA ORDEM TRIBUTÁRIA,"GISELE BARRA BOSSA;MARCELO ALMEIDARUIVO","R$ 274,00","R$ 137,00"
9789724082660,O FIM DO IMPERIO COGNITIVO - ED. 2020,BOAVENTURA DE SOUSA SANTOS,"R$ 274,72","R$ 137,36"
9789724079639,TRATADO DE DIREITO CIVIL III,ANTÓNIO MENEZES CORDEIRO,"R$ 278,84","R$ 139,42"
9789724416595,A SOCIEDADE ABERTA E OS SEUS INIMIGOS...,KARL POPPER,"R$ 279,00","R$ 139,50"
9789898101945,AS PEQUENAS GRANDES COISAS,TOM PETERS,"R$ 282,26","R$ 141,13"
9788584933242,EXECUCAO E CUMPRIMENTO DE SENTENCA,ARTUR CÉSAR DE SOUZA; OG FERNANDES,"R$ 285,00","R$ 142,50"
9789724415536,A QUEDA DE CARTAGO,"GOLDSWORTHY, ADRIAN","R$ 294,00","R$ 147,00"
9789724413631,DAS COISAS NASCEM COISAS - 9789724413631,BRUNO MUNARI,"R$ 294,32","R$ 147,16"
9789724038148,O CALEIDOSCÓPIO DO DIREITO - 2ED,ANTÓNIO MANUEL HESPANHA,"R$ 298,34","R$ 149,17"
9789724090184,DIREITO DA INSOLVÊNCIA - 10a EDIÇÃO,LUÍS MANUEL TELES DE MENEZES LEITÃO,"R$ 298,35","R$ 149,18"
9786556271736,DIREITOS FUNDAMENTAIS DOS CONTRIBUINTES,OSWALDO OTHON DE PONTES SARAIVA,"R$ 299,00","R$ 149,50"
9789724074849,"ENCICLOPEDIA LUSO-BRASILEIRA DE CUIDADOSPALIATIVO","RUI NUNES, FRANCISCA REGO E GUILHERMINA","R$ 299,00","R$ 149,50"
9789724081496,ACIONISTAS E GOVERNAÇÃO DAS SOCIEDADES,PAULO CÂMARA,"R$ 300,00","R$ 150,00"
9789724416236,HISTORIA DA POLONIA,"ZAMOYSKI, ADAM","R$ 309,97","R$ 154,99"
9788584933938,"RECUPERACAO DE EMPRESAS E FALENCIA - 3ED",RODRIGO TELLECHEA;JOÃO SCALZILLI;LUIS F,"R$ 319,00","R$ 159,50"
9789724048109,CULTURA JURIDICA EUROPEIA,ANTÓNIO MANUEL HESPANHA,"R$ 324,35","R$ 162,18"
9789724076676,CURSO DE DIREITO CONSTITUCIONAL,CARLOS BLANCO DE MORAIS,"R$ 324,35","R$ 162,18"
9789724077482,DICIONÁRIO JURÍDICO PORTUGUÊS - FRANCÊS,BENJAMIN HART; LYNETTE HART,"R$ 324,35","R$ 162,18"
9789724057675,"NEGLIGENCIA INCONSCIENTE, A","BRITO, ANA BARBARA SOUSA E","R$ 324,35","R$ 162,18"
9789724068862,"CODIGO DAS SOCIEDADES COMERCIAIS EMCOMENT. VOL I",VÁRIOS,"R$ 326,00","R$ 163,00"
9789724084183,"A RECUPERAÇÃO ECONÓMICA DOS DEVEDORESRERE, PER, P",LUÍS MANUEL TELES DE MENEZES LEITÃO,"R$ 328,39","R$ 164,20"
9789724023373,HISTORIA DA ARTE LUSO-BRASILEIRA,PEDRO DIAS,"R$ 333,00","R$ 166,50"
9789724043241,A IDEIA DE JUSTIÇA,AMARTYA SEN,"R$ 336,84","R$ 168,42"
9789724069746,"MANUAL DE DIREITO INTERNACIONAL PUBLICO -ATUALIZA","GOUVEIA, JORGE BACELAR","R$ 350,35","R$ 175,18"
9789724071572,DIREITO ECONOMICO - 7 EDICAO,LUIZ CABRAL DE MONCADA,"R$ 356,85","R$ 178,43"
9789724417325,"AS RELAÇÕES INTERNACIONAIS DESDE 1945ED.2020",MAURICE VAÏSSE,"R$ 359,90","R$ 179,95"
9789724085982,"DIREITO DO ORDENAMENTO DO TERRITÓRIO EDO URBANISM",FERNANDO ALVES CORREIA,"R$ 373,21","R$ 186,61"
9789726352112,100 WORKS FROM THE CAM COLLECT,FUNDACAO CALOUSE GULBENKIAN,"R$ 385,63","R$ 192,82"
9789724032504,DIREITO DO GENOMA HUMANO,"BARBAS, STELA","R$ 389,35","R$ 194,68"
9786586618341,DE ONDE VÊM AS PALAVRAS,DEONÍSIO DA SILVA,"R$ 399,00","R$ 199,50"
9789724085920,"DIREITO E BIOÉTICA - ESTUDOS EMHOMENAGEM A STELA",JOSÉ ALEXANDRE RIBEIRO FERNANDES,"R$ 399,00","R$ 199,50"
9789724418551,REINOS DESAPARECIDOS,NORMAN DAVIES,"R$ 417,28","R$ 208,64"
9789724072883,ESCOLHA COLETIVA E BEM-ESTAR SOCIAL,AMARTYA SEN,"R$ 429,68","R$ 214,84"
9789724077826,"COMENTARIO AO REGULAMENTO GERAL DEPROTECAO DE DAD",VÁRIOS,"R$ 454,35","R$ 227,18"
9789724033938,DICIONARIO JURIDICO - DIREITO,"PRATA, ANA","R$ 480,35","R$ 240,18"
9789724071930,DA BOA FE NO DIREITO CIVIL - 2017,ANTÓNIO MENEZES CORDEIRO,"R$ 486,85","R$ 243,43"
9789724021225,TEORIA DA CONFIANCA E RESPONSA,MANUEL A. CARNEIRO DA FRADA,"R$ 486,85","R$ 243,43"
9789724086255,"CÓDIGO DA PROPRIEDADE INDUSTRIALANOTADO",LUÍS COUTO GONÇALVES,"R$ 499,00","R$ 249,50"
9789724021065,DIREITO CONSTITUCIONAL E TEO-B,"CANOTILHO, J. J. GOMES","R$ 519,35","R$ 259,68"
9789724076843,"DIREITO DO TRABALHO - I - DIREITO EUROPEUDOGMATIC",ANTÓNIO MENEZES CORDEIRO,"R$ 519,35","R$ 259,68"
9789724069272,TRATADO DE DIREITO CIVIL VOLUME IX - 2017,ANTÓNIO MENEZES CORDEIRO,"R$ 519,37","R$ 259,69"
9789724084626,IMPOSSIBILIDADE DA PRESTAÇÃO,CATARINA MONTEIRO PIRES,"R$ 551,82","R$ 275,91"
9789724073279,TRATADO DE DIREITO CIVIL VOLUME XI,ANTÓNIO MENEZES CORDEIRO,"R$ 551,85","R$ 275,93"
9789724076119,TRATADO DE DIREITO CIVIL VOLUME XII,ANTÓNIO MENEZES CORDEIRO,"R$ 551,85","R$ 275,93"
