"",,,
Título,Autor,"Preço decapa","Preço comdesconto"
1001 Noites a Luz Do Dia,KATIA CANTON,"R$ 28,00","R$ 14,00"
123 do Mundinho,INGRID BIESEMEYER BELLINGHAUSEN,"R$ 16,90","R$ 8,45"
123 Do Mundinho - Meus Primeiros Mundinhos (cartonado),INGRID BIESEMEYER BELLINGHAUSEN,"R$ 19,90","R$ 9,95"
123 Era Uma Vez,INGRID BIESEMEYER BELLINGHAUSEN,"R$ 28,00","R$ 14,00"
365 Histórias para Dormir,EQUIPE DCL,"R$ 39,90","R$ 19,95"
365 Histórias Para Dormir - Capa Brilha no Escuro!,DISNEY,"R$ 33,50","R$ 16,75"
365 Histórias Para Dormir - Edição de Luxo,DISNEY,"R$ 79,90","R$ 39,95"
365 Histórias Para Dormir - Especial Princesas e Fadas - Capa Brilha no Escuro!,DISNEY,"R$ 33,50","R$ 16,75"
365 Histórias Para Dormir - Princesas e Fadas,DISNEY,"R$ 59,90","R$ 29,95"
365 Histórias Para Dormir - Vol 2,DISNEY,"R$ 59,90","R$ 29,95"
365 Histórias Para Dormir - Vol. 1,DISNEY,"R$ 59,90","R$ 29,95"
365 Histórias Para Dormir  Vol. 3 – Capa que Brilha no Escuro!,DISNEY,"R$ 33,50","R$ 16,75"
365 Histórias Para Dormir com CD,DISNEY,"R$ 39,90","R$ 19,95"
3D Magic - Dinossauros Incríveis (com óculos de efeito 3D!),DISNEY,"R$ 14,90","R$ 7,45"
3D Magic - Unicórnios e Sereias (com óculos de efeito 3D!),DISNEY,"R$ 14,90","R$ 7,45"
3x Amazônia,TIAGO DE MELO ANDRADE,"R$ 31,00","R$ 15,50"
A Bota e a Enxada,KATIA CANTON,"R$ 28,00","R$ 14,00"
A Botija Encantada,JOÃO BOSCO BEZERRA BONFIM,"R$ 28,00","R$ 14,00"
A Brasileira de Prazins,CAMILO CASTELO BRANCO,"R$ 16,90","R$ 8,45"
A Cama Que Não Lava o Pé,FATIMA MIGUEZ MARTIS,"R$ 28,00","R$ 14,00"
A Câmera do Sumiço,LAURA BERGALLO,"R$ 31,00","R$ 15,50"
A Carne - Texto Integral com Comentários,JÚLIO RIBEIRO,"R$ 16,90","R$ 8,45"
A Casa da Árvore - Cidade-fantasma ao Entardecer,MARY POPE OSBORNE,"R$ 16,00","R$ 8,00"
A Casa da Árvore Mágica - A Hora das Olimpíadas,MARY POPE OSBORNE,"R$ 16,00","R$ 8,00"
A Casa da Árvore Mágica - A Noite dos Ninjas,MARY POPE OSBORNE,"R$ 16,00","R$ 8,00"
A Casa da Árvore Mágica - Dinossauros Antes do Anoitecer,MARY POPE OSBORNE,"R$ 16,00","R$ 8,00"
A Casa da Árvore Mágica - Férias Sob o Vulcão,MARY POPE OSBORNE,"R$ 16,00","R$ 8,00"
A Casa da Árvore Mágica - Golfinhos ao Alvorecer,MARY POPE OSBORNE,"R$ 16,00","R$ 8,00"
A Casa da Árvore Mágica - Meia-noite na Lua,MARY POPE OSBORNE,"R$ 16,00","R$ 8,00"
A Casa da Árvore Mágica - Múmias de Manhã,MARY POPE OSBORNE,"R$ 16,00","R$ 8,00"
A Casa da Árvore Mágica - Navios Vikings ao Amanhecer,MARY POPE OSBORNE,"R$ 16,00","R$ 8,00"
A Casa da Árvore Mágica - O Cavaleiro ao Amanhecer,MARY POPE OSBORNE,"R$ 16,00","R$ 8,00"
A Casa da Árvore Mágica - O Dia do Rei Dragão,MARY POPE OSBORNE,"R$ 16,00","R$ 8,00"
A Casa da Árvore Mágica - Piratas Depois do Meio-dia,MARY POPE OSBORNE,"R$ 16,00","R$ 8,00"
A Casa da Árvore Mágica - Tigre-dentes-de-sabre,MARY POPE OSBORNE,"R$ 16,00","R$ 8,00"
A Casa da Árvore Mágica - Uma Manhã na África,MARY POPE OSBORNE,"R$ 16,00","R$ 8,00"
A Casa da Árvore Mágica - Uma Tarde na Amazônia,MARY POPE OSBORNE,"R$ 16,00","R$ 8,00"
A Casa da Árvore Mágica - Ursos Polares Depois da Hora de Dormir,MARY POPE OSBORNE,"R$ 16,00","R$ 8,00"
A Casa Rosa,SILVANA PINHEIRO TAETS,"R$ 23,00","R$ 11,50"
A Cidade e as Serras - Texto Integral com Comentários,EÇA DE QUEIRÓS,"R$ 16,90","R$ 8,45"
A Confissão de Lúcio - Texto Integral com Comentários,MÁRIO DE SÁ-CARNEIRO,"R$ 16,90","R$ 8,45"
A Dona Aranha - Minhas Primeiras Cantigas,EQUIPE DCL,"R$ 12,90","R$ 6,45"
A Escrava Isaura - Texto Integral com Comentários,BERNARDO GUIMARÃES,"R$ 16,90","R$ 8,45"
A Evolução da Vida na Terra,INGRID BIESEMEYER BELLINGHAUSEN,"R$ 30,00","R$ 15,00"
A Feiticeira,INGLES DE SOUSA,"R$ 25,00","R$ 12,50"
"A Festa da Princesa, Que Beleza!",ELIAS JOSE,"R$ 33,00","R$ 16,50"
A Galinha Ruiva,INGRID BIESEMEYER BELLINGHAUSEN,"R$ 28,00","R$ 14,00"
A Gente Pode a Gente Não Pode,ANNA CLAUDIA RAMOS,"R$ 25,00","R$ 12,50"
A Gente Pode a Gente Não Pode (5-6 Anos),ANNA CLAUDIA RAMOS,"R$ 25,00","R$ 12,50"
A Gente Pode a Gente Não Pode (7-8 Anos),ANNA CLAUDIA RAMOS,"R$ 25,00","R$ 12,50"
A História da Cadeia Alimentar,JACQUI BAILEY E MATTHEW LILLY,"R$ 28,00","R$ 14,00"
A História da Eletricidade,JACQUI BAILEY E MATTHEW LILLY,"R$ 28,00","R$ 14,00"
A História de um Fóssil de Dinossauro,JACQUI BAILEY E MATTHEW LILLY,"R$ 28,00","R$ 14,00"
A História do Dia e da Noite,JACQUI BAILEY E MATTHEW LILLY,"R$ 28,00","R$ 14,00"
A Ilíada e a Guerra De Troia,HOMERO ADAPTADO POR SILVANA SALERNO,"R$ 40,00","R$ 20,00"
A Jóia,ARTUR AZEVEDO,"R$ 16,90","R$ 8,45"
"A Literatura Infantojuvenil Brasileira Vai Muito Bem, Obrigada!",GLORIA PIMENTEL C.B. DE SOUZA,"R$ 36,00","R$ 18,00"
A Mãe D ́água,LENICE GOMES,"R$ 33,00","R$ 16,50"
A Menina Luzia,STELLA MARIS REZENDE,"R$ 30,00","R$ 15,00"
A Moreninha - Texto Integral com Comentários,JOAQUIM MANUEL DE MACEDO,"R$ 16,90","R$ 8,45"
A Noiva do Rei,KATIA CANTON,"R$ 31,00","R$ 15,50"
A Odisséia,HOMERO ADAPTADO POR SILVANA SALERNO,"R$ 40,00","R$ 20,00"
A Pele dos Livros,REGINA GULLA,"R$ 26,00","R$ 13,00"
A Princesa Anastácia,ELMA NEVES,"R$ 22,00","R$ 11,00"
A Princesa e a Ervilha,RACHEL ISADORA,"R$ 31,00","R$ 15,50"
A Saga de Hércules,SILVANA SALERNO,"R$ 44,00","R$ 22,00"
A Saga de um Rei,IEDA DE OLIVEIRA,"R$ 31,00","R$ 15,50"
A Última Ceia,EQUIPE DCL,"R$ 5,90","R$ 2,95"
A Vida de Jesus,CARLES MUÑOZ MIRALLES,"R$ 8,00","R$ 4,00"
A Vida de Móises,EQUIPE DCL,"R$ 5,90","R$ 2,95"
A Visita,LUCIA HIRATSUKA,"R$ 29,00","R$ 14,50"
A Volta ao Mundo em Oitenta Dias,JULIO VERNE ADAPTADO POR FERNANDO NUNO,"R$ 44,00","R$ 22,00"
A Voz da Floresta,ALINA PERLMAN,"R$ 20,00","R$ 10,00"
ABC do Mundinho - Meus Primeiros Mundinhos (cartonado),INGRID BIESEMEYER BELLINGHAUSEN,"R$ 19,90","R$ 9,95"
"Afinal, a Gente Pode Ou a Gente Não Pode? Os Jovens e os Adultos",ANNA CLAUDIA RAMOS,"R$ 36,00","R$ 18,00"
"Água, Gasolina e a Virgem Maria",RODRIGO PITTA,"R$ 33,00",
"Ai de Ti, Tietê",ROGERIO ANDRADE BARBOSA,"R$ 31,00","R$ 15,50"
Aí Tem Coisa...,GRAZIELA HETZEL E GRAÇA LIMA,"R$ 27,00","R$ 13,50"
Ajuda do Saci - Kamba ́i,OLIVIO JEKUPE,"R$ 30,00","R$ 15,00"
Albert 3,LANI YAMAMOTO,"R$ 22,00","R$ 11,00"
Albert 4,LANI YAMAMOTO,"R$ 22,00","R$ 11,00"
Alberto Que Era Santos Dumont,MARINA FRANCO,"R$ 29,00","R$ 14,50"
Alice no País das Maravilhas,LEWIS CARROL ADAPTADO POR SILVANA SALERNO,"R$ 40,00","R$ 20,00"
Alice Vê,SONIA REGINA ROSA,"R$ 21,00","R$ 10,50"
Amar o Mar,SILVANA PINHEIRO TAETS,"R$ 29,00","R$ 14,50"
Ambrósio Sumiu,GRAZIELA HETZEL E FERNANDO A. PIRES,"R$ 30,00","R$ 15,00"
Amélia Queria Fugir com o Circo,BLANDINA FRANCO E JOSÉ CARLOS LOLLO,"R$ 31,00","R$ 15,50"
Amigos para Sempre,VALENTINA NUNES,"R$ 21,00","R$ 10,50"
Amor de Perdição - Texto Integral com Comentários,CAMILO CASTELO BRANCO,"R$ 16,90","R$ 8,45"
Amor de Salvação - Texto Integral com Comentários,CAMILO CASTELO BRANCO,"R$ 16,90","R$ 8,45"
Ana e Ana,CELIA CRISTINA SILVA,"R$ 25,00","R$ 12,50"
Ao Entardecer,VISCONDE DE TAUNAY,"R$ 16,90","R$ 8,45"
Aparício,SONIA ROSA,"R$ 26,00","R$ 13,00"
Aquarela - Mundo Encantado - Unicórnios e Dragões,EQUIPE DCL,"R$ 19,90","R$ 9,95"
Aquarela - Mundo Selvagem - Dinossauros e Dragões,EQUIPE DCL,"R$ 19,90","R$ 9,95"
"Aritana, o Índio Que Foi a Lua",ULISSES TAVARES,"R$ 32,00","R$ 16,00"
Arquitetura Aventura,KATIA CANTON,"R$ 33,00","R$ 16,50"
As Brincadeiras do Mundinho,INGRID BIESEMEYER BELLINGHAUSEN,"R$ 34,00","R$ 17,00"
As Cores do Mundinho,INGRID BIESEMEYER BELLINGHAUSEN,"R$ 16,90","R$ 8,45"
As Cores do Mundinho - Meus Primeiros Mundinhos (cartonado),INGRID BIESEMEYER BELLINGHAUSEN,"R$ 19,90","R$ 9,95"
As Descobertas de Paulinho na Metrópole,MARINA FRANCO,"R$ 32,00","R$ 16,00"
As Famílias do Mundinho,INGRID BIESEMEYER BELLINGHAUSEN,"R$ 28,00","R$ 14,00"
As Formas do Mundinho,INGRID BIESEMEYER BELLINGHAUSEN,"R$ 16,90","R$ 8,45"
As Formas do Mundinho - Meus Primeiros Mundinhos (cartonado),INGRID BIESEMEYER BELLINGHAUSEN,"R$ 19,90","R$ 9,95"
As Horrorosas Maravilhosas,ELIAS JOSE,"R$ 34,00","R$ 17,00"
As Vítimas-algozes - Texto Integral com Comentários,JOAQUIM MANOEL DE MACEDO,"R$ 16,90","R$ 8,45"
Asa Branca,LUIZ GONZAGA / ILUSTRADO POR MAURICIO PEREIRA,"R$ 28,00","R$ 14,00"
Atlas Ambiental - Especial,EQUIPE DCL,"R$ 79,90","R$ 39,95"
Atlas do Corpo Humano,EQUIPE DCL,"R$ 9,90","R$ 4,95"
Atlas do Estudante,EQUIPE DCL,"R$ 9,90","R$ 4,95"
Atlas Escolar e Didático - Atualizado,EQUIPE DCL,"R$ 18,90","R$ 9,45"
Atlas Universal - Especial,EQUIPE DCL,"R$ 79,00","R$ 39,50"
Audiobook - Dom Quixote,MIGUEL DE CERVANTES / LIVRO FALANTE,"R$ 24,00","R$ 12,00"
Audiobook - Drácula,BRAM STOKER / LIVRO FALANTE,"R$ 24,00","R$ 12,00"
Aventura Animal,FERNANDO VILELA,"R$ 36,00","R$ 18,00"
Aventuras do Velho Testamento,GISLENE DE OLIVEIRA,"R$ 46,00","R$ 23,00"
Bafafá na Arca de Noé,MARCO HAURÉLIO E ANABELLA LÓPEZ,"R$ 32,00","R$ 16,00"
Balaio de Bichos,CLAUDIO FRAGATA,"R$ 29,00","R$ 14,50"
Balé dos Skazkás - Viajando Pelos Contos da Rússia,KATIA CANTON,"R$ 28,00","R$ 14,00"
"Batu, o Filho Do Rei",CELSO SISTO,"R$ 30,00","R$ 15,00"
Bestiário Transgênico,KATIA CANTON,"R$ 31,00","R$ 15,50"
Betina Quero-quero,ANDRÉIA VIEIRA,"R$ 29,00","R$ 14,50"
Blog da Ritoca - Amizades e Paqueras,ANA PAULA CORRADINI,"R$ 14,00","R$ 7,00"
Brasil Folião,FATIMA MIGUEZ,"R$ 33,00","R$ 16,50"
"Brasil, Olhar de Artista",KATIA CANTON,"R$ 45,00","R$ 22,50"
Brasileirinho - História de Amor do Brasil,IEDA DE OLIVEIRA,"R$ 34,00","R$ 17,00"
Brasil-lendário,FATIMA MIGUEZ MARTIS,"R$ 35,00","R$ 17,50"
Brasil-menino,FATIMA MIGUEZ MARTIS,"R$ 35,00","R$ 17,50"
"Brilha, Brilha, Estrelinha - Minhas Primeiras Cantigas",EQUIPE DCL,"R$ 12,90","R$ 6,45"
Broquéis e Faróis - Texto Integral com Comentários,CRUZ E SOUZA,"R$ 16,90","R$ 8,45"
"Bruxa e Fada, Menina Encantada",IEDA DE OLIVEIRA,"R$ 37,00","R$ 18,50"
"Cabeça, Ombro, Joelho e Pé - Minhas Primeiras Cantigas",EQUIPE DCL,"R$ 12,90","R$ 6,45"
Cachinhos Dourados e os Três Ursos,INGRID BIESEMEYER BELLINGHAUSEN,"R$ 28,00","R$ 14,00"
"Caco, o Cavaleiro - Com Capa Para Tocar & Sentir",EQUIPE DCL,"R$ 12,90","R$ 6,45"
Cada Família é de um Jeito,ALINE ABREU,"R$ 23,00","R$ 11,50"
"Cada Sapo Com Seu Papo, Cada Princesa Com Sua Sutileza",FATIMA MIGUEZ MARTIS,"R$ 28,00","R$ 14,00"
Cadê Clarisse?,SONIA ROSA,"R$ 21,00","R$ 10,50"
Caminhos para Formação do Leitor,RENATA JUNQUEIRA DE SOUZA,"R$ 33,00","R$ 16,50"
Cartão-postal,LUIZ RAUL MACHADO,"R$ 35,00","R$ 17,50"
Cartas Chilenas - Texto Integral com Comentários,TOMÁS ANTÔNIO GONZAGA,"R$ 16,90","R$ 8,45"
Casa de Pensão - Texto Integral com Comentários,ALUÍSIO AZEVEDO,"R$ 16,90","R$ 8,45"
Celina,CHRISTINA DIAS,"R$ 25,00","R$ 12,50"
Chapeuzinho Vermelho,INGRID BIESEMEYER BELLINGHAUSEN,"R$ 28,00","R$ 14,00"
Chocolate Quente na Neve,KATIA CANTON,"R$ 28,00","R$ 14,00"
Cinco Minutos e a Viuvinha - Texto Integral com Comentários,JOSÉ DE ALENCAR,"R$ 16,90","R$ 8,45"
Clássicos de Sempre - A Bela Adormecida,EQUIPE DCL,"R$ 5,00","R$ 2,50"
Clássicos de Sempre - Alice no País das Maravilhas,EQUIPE DCL,"R$ 5,00","R$ 2,50"
Clássicos de Sempre - Chapeuzinho Vermelho,EQUIPE DCL,"R$ 5,00","R$ 2,50"
Clássicos de Sempre - Cinderela,EQUIPE DCL,"R$ 9,90","R$ 4,95"
Clássicos de Sempre - O Patinho Feio,EQUIPE DCL,"R$ 9,90","R$ 4,95"
Clássicos de Sempre - O Soldadinho de Chumbo,EQUIPE DCL,"R$ 5,00","R$ 2,50"
Clássicos de Sempre - Os Três Porquinhos,EQUIPE DCL,"R$ 5,00","R$ 2,50"
Clássicos de Sempre - Pinóquio,EQUIPE DCL,"R$ 5,00","R$ 2,50"
Coleção Arte Conta Histórias - 11 Vols,KATIA CANTON,"R$ 252,00","R$ 126,00"
Com o Coração na Mão,FÁTIMA MIGUEZ,"R$ 31,00","R$ 15,50"
Comilança,FERNANDO VILELA,"R$ 31,00","R$ 15,50"
Como as Histórias se Espalharam pelo Mundo,ROGERIO ANDRADE BARBOSA E GRAÇA LIMA,"R$ 31,00",
Como é Bonito o Pé do Igor,SONIA ROSA,"R$ 21,00","R$ 10,50"
Contos de Aluisio Azevedo,ALUÍSIO AZEVEDO,"R$ 26,00","R$ 13,00"
Contos de Artur Azevedo,ARTUR AZEVEDO,"R$ 24,00","R$ 12,00"
Contos de Assombração Causos Arrepiantes,MAURICIO PEREIRA,"R$ 33,00","R$ 16,50"
Contos de Fadas Sangrentos,ROSANA RIOS E JEAN-CLAUDE R. ALPHEN,"R$ 33,00","R$ 16,50"
Contos de Guy de Maupassant,MARIA VIANA,"R$ 24,00","R$ 12,00"
Contos de Inglês de Sousa,INGLES DE SOUSA,"R$ 24,00","R$ 12,00"
Contos de Machado de Assis,MACHADO DE ASSIS,"R$ 24,00","R$ 12,00"
Contos de Suspense - Histórias Para Congelar Seu Sangue,ROSANA RIOS E MARTHA ARGEL,"R$ 28,90","R$ 14,45"
Contos Fluminenses - Texto Integral com Comentários,MACHADO DE ASSIS,"R$ 16,90","R$ 8,45"
Contos que Brotam na Floresta,KATIA CANTON,"R$ 28,00","R$ 14,00"
Contos que Valem uma Fábula,KATIA CANTON,"R$ 28,00","R$ 14,00"
Contrastes e Confrontos,EUCLIDES DA CUNHA,"R$ 16,90","R$ 8,45"
Conversa de Madame,KATIA CANTON,"R$ 28,00","R$ 14,00"
"Coração, Cabeça e Estômago - Texto Integral com Comentários",CAMILO CASTELO BRANCO,"R$ 16,90","R$ 8,45"
Cores - Mundo Encantado - Unicórnios e Sereias,EQUIPE DCL,"R$ 16,90","R$ 8,45"
Cores - Mundo Selvagem - Dinossauros e Dragões,EQUIPE DCL,"R$ 16,90","R$ 8,45"
"Corre, Curumim!",LAERTE SILVINO,"R$ 26,00","R$ 13,00"
"Dadá, a Mulher de Corisco",LUCIANA SAVAGET TEIXEIRA,"R$ 28,00","R$ 14,00"
Danny Baker 1 - Quebrador De Recordes - A Maior Melecona do Mundo,STEVE HARTLEY,"R$ 25,00","R$ 12,50"
Danny Baker 2 - Quebrador De Recordes - O Vomitão Aéreo Mais Incrível do Mundo,STEVE HARTLEY,"R$ 25,00","R$ 12,50"
Danny Baker 3 - Quebrador De Recordes - O Peido de Braço Mais Alto do Mundo,STEVE HARTLEY,"R$ 25,00","R$ 12,50"
Danny Baker 4 - Quebrador De Recordes - A Maior Cera de Ouvido do Mundo,STEVE HARTLEY,"R$ 25,00","R$ 12,50"
De Cima Para Baixo,ARTUR AZEVEDO,"R$ 41,00","R$ 20,50"
De Mãos Dadas,INGRID BIESEMEYER BELLINGHAUSEN,"R$ 31,00","R$ 15,50"
De Olho na Amazônia,INGRID BIESEMEYER BELLINGHAUSEN,"R$ 31,00","R$ 15,50"
De Olho na Mata Atlântica,INGRID BIESEMEYER BELLINGHAUSEN,"R$ 28,00","R$ 14,00"
Debaixo de Uma Cerejeira,KATIA CANTON,"R$ 28,00","R$ 14,00"
Desenhos de um Garoto Solitário,NALDO JUNIO,"R$ 24,00","R$ 12,00"
Despedaçada,TERI TERRY,"R$ 41,00","R$ 20,50"
Diário de Portugal,ALINA PERLMAN,"R$ 30,00","R$ 15,00"
Diário de um Lobisomem,GEORGINA MARTINS,"R$ 24,00","R$ 12,00"
Dicionário Bíblico - Estudos Bíblicos,EQUIPE DCL,"R$ 89,90","R$ 44,95"
Dicionário Silveira Bueno - 80 Mil Verbetes,EQUIPE DCL,"R$ 99,90","R$ 49,95"
DISNEY -  BILÍNGUE - CARROS 3,DISNEY,"R$ 24,90","R$ 12,45"
Disney - 365 Histórias Para Dormir - Vol. 3,DISNEY,"R$ 59,90","R$ 29,95"
Disney - Adivinhe quem é Sofia!,DISNEY,"R$ 34,90","R$ 17,45"
Disney - Art Pack - Carros 2,DISNEY,"R$ 9,90","R$ 4,95"
Disney - Art Pack - Frozen,DISNEY,"R$ 9,90","R$ 4,95"
Disney - Art Pack - Mickey,DISNEY,"R$ 9,90","R$ 4,95"
Disney - Art Pack - Minnie,DISNEY,"R$ 9,90","R$ 4,95"
Disney - Art Pack - Princesas,DISNEY,"R$ 9,90","R$ 4,95"
Disney - Art Pack - Toy Story 3,DISNEY,"R$ 9,90","R$ 4,95"
DISNEY - BILÍNGUE - FROZEN 2,DISNEY,"R$ 24,90","R$ 12,45"
DISNEY - BILÍNGUE - MICKEY,DISNEY,"R$ 24,90","R$ 12,45"
DISNEY - BILÍNGUE - O BOM DINOSSAURO,DISNEY,"R$ 24,90","R$ 12,45"
DISNEY - BILÍNGUE - PROCURANDO DORY,DISNEY,"R$ 24,90","R$ 12,45"
DISNEY - BILÍNGUE - TOY STORY 4,DISNEY,"R$ 24,90","R$ 12,45"
Disney - Cores - A Pequena Sereia,DISNEY,"R$ 16,90","R$ 8,45"
Disney - Cores - Branca De Neve,DISNEY,"R$ 16,90","R$ 8,45"
Disney - Cores - Carros 3,DISNEY,"R$ 16,90","R$ 8,45"
Disney - Cores - Cinderela,DISNEY,"R$ 16,90","R$ 8,45"
Disney - Cores - Frozen,DISNEY,"R$ 16,90","R$ 8,45"
Disney - Cores - Mickey Mouse,DISNEY,"R$ 16,90","R$ 8,45"
Disney - Cores - Minnie Mouse,DISNEY,"R$ 16,90","R$ 8,45"
Disney - Cores - Moana,DISNEY,"R$ 16,90","R$ 8,45"
Disney - Cores - O Bom Dinossauro,DISNEY,"R$ 16,90","R$ 8,45"
Disney - Cores - Procurando Dory,DISNEY,"R$ 16,90","R$ 8,45"
Disney - Cores - Tinker Bell,DISNEY,"R$ 16,90","R$ 8,45"
Disney - Cores - Toy Story 3,DISNEY,"R$ 16,90","R$ 8,45"
Disney - Diversão com Massinhas - Frozen 2,DISNEY,"R$ 39,90","R$ 19,95"
Disney - Doutora Brinquedos (Adivinhe quem é),DISNEY,"R$ 34,90","R$ 17,45"
Disney - Frozen - Estúdio Congelante,DISNEY,"R$ 15,90","R$ 7,95"
Disney - Livro de História e Atividades - Frozen,DISNEY,"R$ 9,90","R$ 4,95"
DISNEY - MASSINHA DIVERTIDA - CARROS 3,DISNEY,"R$ 29,90","R$ 14,95"
DISNEY - MASSINHA DIVERTIDA - FROZEN,DISNEY,"R$ 29,90","R$ 14,95"
DISNEY - MASSINHA DIVERTIDA - LUCA,DISNEY,"R$ 29,90","R$ 14,95"
DISNEY - MASSINHA DIVERTIDA - MICKEY,DISNEY,"R$ 29,90","R$ 14,95"
DISNEY - MASSINHA DIVERTIDA - MINNIE,DISNEY,"R$ 29,90","R$ 14,95"
DISNEY - MASSINHA DIVERTIDA - O BOM DINOSSAURO,DISNEY,"R$ 29,90","R$ 14,95"
DISNEY - MASSINHA DIVERTIDA - PRINCESAS,DISNEY,"R$ 29,90","R$ 14,95"
DISNEY - MASSINHA DIVERTIDA - PROCURANDO DORY,DISNEY,"R$ 29,90","R$ 14,95"
Disney - Meus Adesivos Divertidos - Frozen,DISNEY,"R$ 10,90","R$ 5,45"
Disney - O Livro do Bebê - Edição de Luxo,DISNEY,"R$ 59,90","R$ 29,95"
Disney - Oficina da Princesinha Sofia,DISNEY,"R$ 8,90","R$ 4,45"
DISNEY - PRIMEIRAS HISTÓRIAS - CARROS 3,DISNEY,"R$ 21,90","R$ 10,95"
DISNEY - PRIMEIRAS HISTÓRIAS - FROZEN 2,DISNEY,"R$ 21,90","R$ 10,95"
DISNEY - PRIMEIRAS HISTÓRIAS - MICKEY,DISNEY,"R$ 21,90","R$ 10,95"
DISNEY - PRIMEIRAS HISTÓRIAS - MINNIE,DISNEY,"R$ 21,90","R$ 10,95"
DISNEY - PRIMEIRAS HISTÓRIAS - O BOM DINOSSAURO,DISNEY,"R$ 21,90","R$ 10,95"
DISNEY - PRIMEIRAS HISTÓRIAS - PROCURANDO DORY,DISNEY,"R$ 21,90",
Disney - Princesas - Sonhos Se Tornam Realidade,DISNEY,"R$ 59,90","R$ 29,95"
Disney - Princesas (Diversão colorida),DISNEY,"R$ 12,90","R$ 6,45"
Disney - Princesas (Faça arte),DISNEY,"R$ 29,90","R$ 14,95"
Disney - Super Color Pack - Carros 3,DISNEY,"R$ 29,90","R$ 14,95"
Disney - Super Color Pack - Frozen 2,DISNEY,"R$ 29,90","R$ 14,95"
Disney - Super Color Pack - Mickey,DISNEY,"R$ 29,90","R$ 14,95"
Disney - Super Color Pack - Minnie,DISNEY,"R$ 29,90","R$ 14,95"
Disney - Super Color Pack - Princesas,DISNEY,"R$ 29,90","R$ 14,95"
Disney - Super Color Pack - Toy Story 4,DISNEY,"R$ 29,90","R$ 14,95"
Disney - SuperColor Pack - Moana,DISNEY,"R$ 29,90","R$ 14,95"
Disney - SuperColor Pack - Os Incríveis 2,DISNEY,"R$ 29,90","R$ 14,95"
Disney - SuperColor Pack - Vampirina,DISNEY,"R$ 29,90","R$ 14,95"
Disney - Toy Story 3 (Pinte e brinque),DISNEY,"R$ 9,90","R$ 4,95"
Disney - Vamos Colorir - Carros 3,DISNEY,"R$ 9,90","R$ 4,95"
Disney - Vamos Colorir - Frozen 2,DISNEY,"R$ 9,90","R$ 4,95"
Disney - Vamos Colorir - Mickey Mouse,DISNEY,"R$ 9,90","R$ 4,95"
Disney - Vamos Colorir - Minnie,DISNEY,"R$ 9,90","R$ 4,95"
Disney - Vamos Colorir - Moana,DISNEY,"R$ 9,90","R$ 4,95"
Disney - Vamos Colorir - O Bom Dinossauro,DISNEY,"R$ 9,90","R$ 4,95"
Disney - Vamos Colorir - O Rei Leão,DISNEY,"R$ 9,90","R$ 4,95"
Disney - Vamos Colorir - Os Incríveis 2,DISNEY,"R$ 9,90","R$ 4,95"
Disney - Vamos Colorir - Princesas,DISNEY,"R$ 9,90","R$ 4,95"
Disney - Vamos Colorir - Princesinha Sofia,DISNEY,"R$ 9,90","R$ 4,95"
Disney - Vamos Colorir - Toy Story 4,DISNEY,"R$ 9,90","R$ 4,95"
Disney - Vamos Colorir - Vampirina,DISNEY,"R$ 9,90","R$ 4,95"
Disney - Zootopia (Livro de história e atividades),DISNEY,"R$ 9,90","R$ 4,95"
Disney 3D Magic - Carros 3 (com óculos de efeito 3D!),DISNEY,"R$ 14,90","R$ 7,45"
Disney 3D Magic - Frozen 2 (com óculos de efeito 3D!),DISNEY,"R$ 14,90","R$ 7,45"
Disney 3D Magic - Mickey (com óculos de efeito 3D!),DISNEY,"R$ 14,90","R$ 7,45"
Disney 3D Magic - Minnie (com óculos de efeito 3D!),DISNEY,"R$ 14,90","R$ 7,45"
Disney 3D Magic - O Bom Dinossauro (com óculos de efeito 3D!),DISNEY,"R$ 14,90","R$ 7,45"
Disney 3D Magic - Procurando Dory (com óculos de efeito 3D!),DISNEY,"R$ 14,90","R$ 7,45"
Disney Aquarela - A Bela Adormecida__,DISNEY,"R$ 19,90","R$ 9,95"
Disney Aquarela - A Bela e a Fera,DISNEY,"R$ 19,90","R$ 9,95"
Disney Aquarela - A Casa do Mickey Mouse,DISNEY,"R$ 19,90","R$ 9,95"
Disney Aquarela - A Guarda do Leão,DISNEY,"R$ 19,90","R$ 9,95"
Disney Aquarela - A Pequena Sereia__,DISNEY,"R$ 19,90","R$ 9,95"
Disney Aquarela - Carros 3__,DISNEY,"R$ 19,90","R$ 9,95"
Disney Aquarela - Cinderela__,DISNEY,"R$ 19,90","R$ 9,95"
Disney Aquarela - Disney Junior,DISNEY,"R$ 19,90","R$ 9,95"
Disney Aquarela - Elena de Avalor,DISNEY,"R$ 19,90","R$ 9,95"
Disney Aquarela - Minnie Mouse,DISNEY,"R$ 19,90","R$ 9,95"
Disney Aquarela - Moana,DISNEY,"R$ 19,90","R$ 9,95"
Disney Aquarela - O Bom Dinossauro__,DISNEY,"R$ 19,90","R$ 9,95"
Disney Aquarela - Os Incríveis 2,DISNEY,"R$ 19,90","R$ 9,95"
Disney Aquarela - Os Incríveis 2__,DISNEY,"R$ 19,90","R$ 9,95"
Disney Aquarela - Procurando Dory,DISNEY,"R$ 19,90","R$ 9,95"
Disney Aquarela - Toy Story 4__,DISNEY,"R$ 19,90","R$ 9,95"
Disney Aquarela - Vampirina,DISNEY,"R$ 19,90","R$ 9,95"
Disney Aquarela - Vampirina__,DISNEY,"R$ 19,90","R$ 9,95"
Disney Baby - Animais (levante as Abinhas),DISNEY,"R$ 29,90","R$ 14,95"
Disney Baby - Estações do Ano (levante as Abinhas),DISNEY,"R$ 29,90","R$ 14,95"
Disney Baby - Meus Primeiros Números,DISNEY,"R$ 14,90","R$ 7,45"
Disney Baby - Minhas Primeiras Cores,DISNEY,"R$ 14,90","R$ 7,45"
Disney Baby - Minhas Primeiras Formas,DISNEY,"R$ 14,90","R$ 7,45"
Disney Baby - Minhas Primeiras Palavras,DISNEY,"R$ 14,90","R$ 7,45"
Disney Carinhas - Carros 3,DISNEY,"R$ 19,90","R$ 9,95"
Disney Carinhas - Frozen,DISNEY,"R$ 19,90","R$ 9,95"
Disney Carinhas - Mickey,DISNEY,"R$ 19,90","R$ 9,95"
Disney Carinhas - Minnie,DISNEY,"R$ 19,90","R$ 9,95"
Disney Cores - A Bela e a Fera,DISNEY,"R$ 16,90","R$ 8,45"
Disney Cores - A Bela e a Fera_,DISNEY,"R$ 16,90","R$ 8,45"
Disney Cores - A Guarda do Leão__,DISNEY,"R$ 16,90","R$ 8,45"
Disney Cores - A Pequena Sereia,DISNEY,"R$ 16,90","R$ 8,45"
Disney Cores - A Pequena Sereia__,DISNEY,"R$ 16,90","R$ 8,45"
Disney Cores - Branca de Neve__,DISNEY,"R$ 16,90","R$ 8,45"
Disney Cores - Carros 2,DISNEY,"R$ 16,90","R$ 8,45"
Disney Cores - Carros 3__,DISNEY,"R$ 16,90","R$ 8,45"
Disney Cores - Elena de Avalor,DISNEY,"R$ 16,90","R$ 8,45"
Disney Cores - Frozen 2__,DISNEY,"R$ 16,90","R$ 8,45"
Disney Cores - Minnie__,DISNEY,"R$ 16,90","R$ 8,45"
Disney Cores - Moana__,DISNEY,"R$ 16,90","R$ 8,45"
Disney Cores - O Bom Dinossauro__,DISNEY,"R$ 16,90","R$ 8,45"
Disney Cores - Os Incríveis 2,DISNEY,"R$ 16,90","R$ 8,45"
Disney Cores - Os Incríveis 2__,DISNEY,"R$ 16,90","R$ 8,45"
Disney Cores - Princesas__,DISNEY,"R$ 16,90","R$ 8,45"
Disney Cores - Procurando Dory__,DISNEY,"R$ 16,90","R$ 8,45"
Disney Cores - Toy Story 4__,DISNEY,"R$ 16,90","R$ 8,45"
Disney Cores - Vampirina,DISNEY,"R$ 16,90","R$ 8,45"
Disney Cores - Vampirina__,DISNEY,"R$ 16,90","R$ 8,45"
Disney Fun Box - Caixinha Divertida - Carros 3,DISNEY,"R$ 24,90",
Disney Fun Box - Caixinha Divertida - Frozen,DISNEY,"R$ 24,90","R$ 12,45"
Disney Fun Box - Caixinha Divertida - Mickey,DISNEY,"R$ 24,90","R$ 12,45"
Disney Fun Box - Caixinha Divertida - Minnie,DISNEY,"R$ 24,90","R$ 12,45"
Disney Fun Box - Caixinha Divertida - Princesas,DISNEY,"R$ 24,90","R$ 12,45"
Disney Fun Box - Caixinha Divertida - Toy Story,DISNEY,"R$ 24,90","R$ 12,45"
DISNEY GIGA BOOKS - CARROS 3,DISNEY,"R$ 39,90","R$ 19,95"
DISNEY GIGA BOOKS - FROZEN 2,DISNEY,"R$ 39,90","R$ 19,95"
DISNEY GIGA BOOKS - MICKEY MOUSE,DISNEY,"R$ 39,90","R$ 19,95"
DISNEY GIGA BOOKS - MINNIE,DISNEY,"R$ 39,90","R$ 19,95"
DISNEY GIGA BOOKS - PRINCESAS,DISNEY,"R$ 39,90","R$ 19,95"
DISNEY GIGA BOOKS - TOY STORY 4,DISNEY,"R$ 39,90","R$ 19,95"
Diva - Texto Integral com Comentários,JOSÉ DE ALENCAR,"R$ 16,90","R$ 8,45"
Diversão com Massinhas - Carros 3,DISNEY,"R$ 39,90","R$ 19,95"
Diversão com Massinhas - Mickey Aventuras Sobre Rodas,DISNEY,"R$ 39,90","R$ 19,95"
Diversão com Massinhas - Minnie,DISNEY,"R$ 39,90","R$ 19,95"
Dom Casmurro - Texto Integral com Comentários,MACHADO DE ASSIS,"R$ 16,90","R$ 8,45"
Dom Quixote,MIGUEL DE CERVANTES,"R$ 31,00","R$ 15,50"
Domínio Público - Literatura em Quadrinhos I,VÁRIOS AUTORES,"R$ 35,00","R$ 17,50"
Domínio Público - Literatura em Quadrinhos II,VÁRIOS AUTORES,"R$ 35,00","R$ 17,50"
Drácula,BRAM STOKER,"R$ 31,00","R$ 15,50"
"Duula, a Mulher Canibal",ROGERIO ANDRADE BARBOSA,"R$ 35,00","R$ 17,50"
É o Aniversário do Bernardo!,SONIA ROSA E LUNA,"R$ 21,00","R$ 10,50"
E o Dente Ainda Doía,ANA TERRA,"R$ 35,00","R$ 17,50"
Ekoaboka - Jornadas Na Amazônia,COORDENAÇÃO ANNA CLAUDIA RAMOS,"R$ 33,00","R$ 16,50"
"Elefante, Chapéu e Melancia em Tudo Tem Poesia!",LALAU E LAURABEATRIZ,"R$ 29,00","R$ 14,50"
Elo,IMOGEN HOWSON,"R$ 44,00","R$ 22,00"
Em Boca Fechada Não Entra Mosca,FATIMA MIGUEZ MARTIS,"R$ 28,00","R$ 14,00"
Entre o Rio e as Nuvens,KATIA CANTON,"R$ 28,00","R$ 14,00"
Era Uma Vez... Andersen,KATIA CANTON,"R$ 35,00","R$ 17,50"
Era Uma Vez... Esopo,KATIA CANTON,"R$ 35,00","R$ 17,50"
Era Uma Vez... Irmãos Grimm,KATIA CANTON,"R$ 33,00","R$ 16,50"
Era Uma Vez... La Fontaine,KATIA CANTON,"R$ 31,00","R$ 15,50"
Era Uma Vez... Perrault,KATIA CANTON,"R$ 34,00","R$ 17,00"
Escultura Aventura,KATIA CANTON,"R$ 33,00","R$ 16,50"
Espumas Flutuantes - Texto Integral com Comentários,CASTRO ALVES,"R$ 16,90","R$ 8,45"
Estórias de Jenni,VOLTAIRE,"R$ 16,90","R$ 8,45"
"Eurico, o Presbítero - Texto Integral com Comentários",ALEXANDRE HERCULANO,"R$ 16,90","R$ 8,45"
Fabíola Foi ao Vento,RICARDO BENEVIDES,"R$ 30,00","R$ 15,00"
Fadas Que Não Estão Nos Contos - Uma Confusão de Contos Clássicos,KATIA CANTON,"R$ 28,00","R$ 14,00"
"Feliz Aniversário, Gatinha!",NICK BRUEL,"R$ 34,00","R$ 17,00"
Feliz Natal!,LEE STANNEL,"R$ 21,00","R$ 10,50"
"Festa no Céu, Festa no Mar",LUCIA HIRATSUKA,"R$ 29,00","R$ 14,50"
Fica Comigo,GEORGINA MARTINS,"R$ 27,00","R$ 13,50"
"Fiona, a Fada - Com Capa Para Tocar & Sentir",EQUIPE DCL,"R$ 12,90","R$ 6,45"
Firebirds Rising,ORGANIZADO POR SHARYN NOVEMBER,"R$ 38,00","R$ 19,00"
Firebirds Soaring,ORGANIZADO POR SHARYN NOVEMBER,"R$ 38,00","R$ 19,00"
Flutuantes,ROSANA RIOS,"R$ 29,00","R$ 14,50"
Folhas Caídas,ALMEIDA GARRETT,"R$ 16,90","R$ 8,45"
Fora do Ar,MARISTEL ALVES DOS SANTOS,"R$ 25,00","R$ 12,50"
Fragmentada,TERI TERRY,"R$ 41,00","R$ 20,50"
Frankenstein,LEONARDO CHIANCA,"R$ 28,00","R$ 14,00"
Galinha Cega,JOÃO ALPHONSUS,"R$ 31,00","R$ 15,50"
GIGA BOOKS - COISAS FOFAS,EQUIPE DCL,"R$ 39,90","R$ 19,95"
GIGA BOOKS - MUNDO DE AVENTURAS,EQUIPE DCL,"R$ 39,90","R$ 19,95"
"Gravata Sim, Estrela Não!",LUCIANA SAVAGET,"R$ 23,00","R$ 11,50"
Gravura Aventura,KATIA CANTON,"R$ 33,00","R$ 16,50"
Helena - Texto Integral com Comentários,MACHADO DE ASSIS,"R$ 16,90","R$ 8,45"
"Hipopótamo, Batata Frita, Nariz: Tudo Deixa Um Poeta Feliz!",LALAU E LAURABEATRIZ,"R$ 29,00","R$ 14,50"
História De Dinossauros - Contos 2 Em 1,EQUIPE DCL,"R$ 14,90","R$ 7,45"
Histórias de Aventura - Contos 2 em 1,EQUIPE DCL,"R$ 14,90","R$ 7,45"
Histórias de Lavar a Alma,GRAZIELA HETZEL,"R$ 37,00","R$ 18,50"
Histórias de Urso - Contos 2 Em 1,EQUIPE DCL,"R$ 14,90","R$ 7,45"
Histórias e Lendas do Brasil,VÁRIOS AUTORES / J. LANZELLOTTI,"R$ 54,90","R$ 27,45"
Histórias e Lendas do Brasil - Norte,EQUIPE DCL E J. LANZELLOTTI,"R$ 36,00","R$ 18,00"
Histórias Mágicas - Contos 2 Em 1,EQUIPE DCL,"R$ 14,90","R$ 7,45"
Histórias Para Ler Juntos - Mamãe,PARRAGON BOOKS,"R$ 46,90","R$ 23,45"
HORA DA DIVERSÃO - DINOSSAUROS - KIT,EQUIPE DCL,"R$ 19,90","R$ 9,95"
HORA DA DIVERSÃO - FUNDO DO MAR - KIT,EQUIPE DCL,"R$ 19,90","R$ 9,95"
HORA DA DIVERSÃO - INVENÇÕES - KIT,EQUIPE DCL,"R$ 19,90","R$ 9,95"
HORA DA DIVERSÃO - UNIVERSO - KIT,EQUIPE DCL,"R$ 19,90","R$ 9,95"
HQ - A Ilha do Tesouro,R. L. STEVENSON ADAPTADO POR ANDREW HARRAR,"R$ 31,00","R$ 15,50"
HQ - Alice no País das Maravilhas,LEWIS CARROLL ADAPTADO POR LEWIS HELFAND,"R$ 31,00","R$ 15,50"
HQ - As Aventuras de Tom Sawyer,MARK TWAIN ADAPTADO POR MATT JOSDAL,"R$ 33,90","R$ 16,95"
HQ - As Minas do Rei Salomão,H. R. HAGGARD ADAPTADO POR C. E. L. WELSH,"R$ 31,00","R$ 15,50"
HQ - As Viagens de Gulliver,JONATHAN SWIFT ADAPTADO POR LEWIS HELFAND,"R$ 31,00","R$ 15,50"
HQ - Edgar Allan Poe - A Queda da Casa de Usher,EDGAR ALLAN POE ADAPTADO POR MATTHEW K. MANNING,"R$ 30,00","R$ 15,00"
HQ - Edgar Allan Poe - O Assassinato na Rua Morgue,EDGAR ALLAN POE ADAPTADO POR CARL BOWEN,"R$ 30,00","R$ 15,00"
HQ - Edgar Allan Poe - O Coração Delator,EDGAR ALLAN POR ADAPTADO POR BENJAMIN HARPER,"R$ 30,00","R$ 15,00"
HQ - Edgar Allan Poe - O Poço e o Pêndulo,EDGAR ALLAN POE ADAPTADO POR SEAN TULIEN,"R$ 30,00","R$ 15,00"
HQ - Frankenstein,MARY SHELLEY ADAPTADO POR LLOYD S. WAGNER,"R$ 31,00","R$ 15,50"
HQ - Hamlet,WILLIAM SHAKESPEARE ADAPTADO POR BRUNO SALERNO,"R$ 33,90",
HQ - Joana D ́arc,MARK TWAIN ADAPTADO POR TONY DIGEROLAMO,"R$ 31,00","R$ 15,50"
HQ - Macbeth,WILLIAM SHAKESPEARE ADAPTADO POR JYOTI BHANSALI,"R$ 31,00","R$ 15,50"
HQ - Moby Dick,HERMAN MELVILLE ADAPTADO POR LANCE STAHLBERG,"R$ 31,00","R$ 15,50"
HQ - O Chamado Selvagem,JACK LONDON ADAPTADO POR LLOYD S. WAGNER,"R$ 31,00","R$ 15,50"
HQ - O Mágico e Oz,L. FRANK BRAUM ADAPTADO POR ROLAND MANN,"R$ 31,00","R$ 15,50"
HQ - O Médico e o Monstro,R. L. STEVENSON ADAPTADO POR C. E. L. WELSH,"R$ 31,00","R$ 15,50"
HQ - O Mercador de Veneza,WILLIAM SHAKESPEARE ADAPTADO POR JOHN F. MCDONALD,"R$ 31,00","R$ 15,50"
HQ - O Senhor do Mundo,JULIO VERNE ADAPTADO POR DALE METTAM,"R$ 31,00","R$ 15,50"
HQ - Oliver Twist,CHARLES DICKENS ADAPTADO POR DON JOHNSON,"R$ 31,00","R$ 15,50"
HQ - Os Três Mosqueteiros,ALEXANDRE DUMAS ADAPTADO POR BRUCE BUCHANAN,"R$ 31,00","R$ 15,50"
HQ - Raptado,ROBERT LOUIS STEVENSON ADAPTADO POR MARK JONES,"R$ 31,00","R$ 15,50"
HQ - Robinson Crusoé,DANIEL DEFOE ADAPTADO POR DAN JOHNSON,"R$ 31,00","R$ 15,50"
HQ - Romeu e Julieta,WILLIAM SHAKESPEARE ADAPTADO POR JOHN F. MCDONALD,"R$ 31,00","R$ 15,50"
HQ - Sherlock Hokmes - O Cão dos Baskervilles,ARTHUR CONAN DOYLE ADAPTADO POR J. R. PARKS,"R$ 31,00","R$ 15,50"
HQ - Sherlock Holmes - A Casa Vazia,SIR ARTHUR CONAN DOYLE / VINCENT GOODWIN,"R$ 30,00","R$ 15,00"
HQ - Sherlock Holmes - A Faixa Malhada,SIR ARTHUR CONAN DOYLE / VINCENT GOODWIN,"R$ 30,00","R$ 15,00"
HQ - Sherlock Holmes - A Liga dos Cabeças Vermelhas,SIR ARTHUR CONAN DOYLE / VINCENT GOODWIN,"R$ 30,00","R$ 15,00"
HQ - Sherlock Holmes - Assassinato em Abbey Grange,SIR ARTHUR CONAN DOYLE / VINCENT GOODWIN,"R$ 30,00","R$ 15,00"
HQ - Sherlock Holmes - O Construtor De Norwood,SIR ARTHUR CONAN DOYLE / VINCENT GOODWIN,"R$ 30,00","R$ 15,00"
HQ - Sherlock Holmes - Os Dançarinhos,SIR ARTHUR CONAN DOYLE / VINCENT GOODWIN,"R$ 30,00","R$ 15,00"
HQ - Viagem ao Centro da Terra,JULIO VERNE ADAPTADO POR LEWIS HELFAND,"R$ 31,00","R$ 15,50"
HQ - Vinte Mil Léguas Submarinas,JULIO VERNE ADAPTADO POR LEWIS HELFAND,"R$ 31,00","R$ 15,50"
I - Juca-pirama e o Timbiras - Texto Integral com Comentários,GONÇALVES DIAS,"R$ 16,90","R$ 8,45"
Iberê Menino,ANDRÉ NEVES,"R$ 28,00","R$ 14,00"
Inglês Rápido,EQUIPE DCL,"R$ 69,90","R$ 34,95"
Inocência - Texto Integral com Comentários,VISCONDE DE TAUNAY,"R$ 16,90","R$ 8,45"
Inventário do Lobo Mau,FATIMA MIGUEZ MARTIS,"R$ 28,00","R$ 14,00"
Iracema - Texto Integral com Comentários,JOSE DE ALENCAR,"R$ 16,90","R$ 8,45"
Japuaçu e a Estrela do Fogo,LUCIANA SAVAGET TEIXEIRA,"R$ 28,00","R$ 14,00"
João e o Pé de Feijão,INGRID BIESEMEYER BELLINGHAUSEN,"R$ 28,00","R$ 14,00"
João Esperto Leva o Presente Certo,CANDACE FLEMING E G.BRIAN KARAS,"R$ 36,00","R$ 18,00"
Jogos Mentais,TERI TERRY,"R$ 41,00","R$ 20,50"
Jura?,CLAUDIO FRAGATA,"R$ 32,00","R$ 16,00"
Kit Empresarial,EQUIPE DCL,"R$ 459,00","R$ 229,50"
Kit Sabedoria Cristã,EQUIPE DCL,"R$ 219,00","R$ 109,50"
Lá Vai O Rui...,SONIA ROSA,"R$ 23,00","R$ 11,50"
Lendas de Amor dos Índios Brasileiros,KATIO CANTON,"R$ 28,00","R$ 14,00"
Lendas Urbanas - A Loura do Banheiro e Outras Histórias,ANNA CLAUDIA RAMOS,"R$ 29,00","R$ 14,50"
Levante as Abinhas - Animais,EQUIPE DCL,"R$ 24,90","R$ 12,45"
Levante as Abinhas - Brinque e Aprenda,EQUIPE DCL,"R$ 24,90","R$ 12,45"
Lingua Portuguesa na Prática,EQUIPE DCL,"R$ 129,90","R$ 64,95"
Lucíola - Texto Integral com Comentários,JOSÉ DE ALENCAR,"R$ 16,90","R$ 8,45"
Macário e Noite na Taverna - Texto Integral com Comentários,ÁLVARES DE AZEVEDO,"R$ 16,90","R$ 8,45"
Magno Alves,GUSTAVO PENNA,"R$ 34,90","R$ 17,45"
Magnólia,LUCIANA SAVAGET TEIXEIRA,"R$ 28,00","R$ 14,00"
Maleta Minhas Histórias Preferidas - 8 Volumes,DISNEY,"R$ 12,00","R$ 6,00"
Malvina,ANDRÉ NEVES,"R$ 30,00","R$ 15,00"
Mamãe Sabe Quase Tudo!,ALINE ABREU,"R$ 23,00","R$ 11,50"
Maria Peçonha,ANDRÉ NEVES,"R$ 40,00","R$ 20,00"
Marília de Dirceu - Texto Integral com Comentários,TOMAS ANTONIO GONZAGA,"R$ 16,90","R$ 8,45"
Mas Como Se Espevita Essa Bruxa Benedita!,LENICE GOMES,"R$ 28,00","R$ 14,00"
Massacre Indígena Guarani,LUIZ KARAI,"R$ 26,00","R$ 13,00"
MASSINHA DIVERTIDA - DINOSSAUROS INCRÍVEIS,EQUIPE DCL,"R$ 29,90","R$ 14,95"
MASSINHA DIVERTIDA - UNICÓRNIOS E SEREIAS,EQUIPE DCL,"R$ 29,90","R$ 14,95"
"Mateus, Esse Boi é Seu",MARCO HAURÉLIO E JÔ OLIVEIRA,"R$ 32,00","R$ 16,00"
"MAXIMUS - Método completo, Digital e Interativo",EQUIPE DCL,"R$ 399,00","R$ 199,50"
"Maximus - Método Completo, Digital e Interativo",EQUIPE DCL,"R$ 899,00","R$ 449,50"
Medicina Natural - Vida e Saúde,EQUIPE DCL,"R$ 129,90","R$ 64,95"
Medo de Quê?,FLAVIA  CORTES,"R$ 22,00","R$ 11,00"
Mega Art Pack - Carros 3,DISNEY,"R$ 14,90","R$ 7,45"
Mega Art Pack - Dinossauros,EQUIPE DCL,"R$ 14,90","R$ 7,45"
Mega Art Pack - Frozen,DISNEY,"R$ 14,90","R$ 7,45"
Mega Art Pack - Mickey Aventuras Sobre Rodas,DISNEY,"R$ 14,90","R$ 7,45"
Mega Art Pack - Minnie,DISNEY,"R$ 14,90","R$ 7,45"
Mega Art Pack - Moana,DISNEY,"R$ 14,90","R$ 7,45"
Mega Art Pack - Os Incríveis 2,DISNEY,"R$ 14,90","R$ 7,45"
Mega Art Pack - Princesas,DISNEY,"R$ 14,90","R$ 7,45"
Mega Art Pack - Toy Story 4,DISNEY,"R$ 14,90","R$ 7,45"
Mega Art Pack - Unicórnios,EQUIPE DCL,"R$ 14,90","R$ 7,45"
Memórias de um Sargento de Milícias - Texto Integral com Comentários,MANUEL ANTONIO DE ALMEIDA,"R$ 16,90","R$ 8,45"
Memórias Póstumas de Brás Cubas - Texto Integral com Comentários,MACHADO DE ASSIS,"R$ 16,90","R$ 8,45"
"Meu Padrinho, Padre Cícero",LUCIANA SAVAGET TEIXEIRA,"R$ 23,00","R$ 11,50"
Meu Presente,EVA MONTANARI,"R$ 33,00","R$ 16,50"
Meu Tataravô Era Africano,GEORGINA DA COSTA MARTINS,"R$ 31,00","R$ 15,50"
Minidicionário Escolar da Língua Portuguesa com Divisão Silábica,EQUIPE DCL,"R$ 16,90","R$ 8,45"
Minidicionário Escolar da Língua Portuguesa Silveira Bueno com etimologia,EQUIPE DCL,"R$ 19,90","R$ 9,95"
Minidicionário Escolar Espanhol com Qr-code,EQUIPE DCL,"R$ 16,90","R$ 8,45"
Minidicionário Escolar Inglês com Qr-code,EQUIPE DCL,"R$ 16,90","R$ 8,45"
Minidicionário Escolar Língua Portuguesa com Divisão Silábica e Qr-code,EQUIPE DCL,"R$ 16,90","R$ 8,45"
Minidicionário Prático de Espanhol,EQUIPE DCL,"R$ 9,90","R$ 4,95"
Minidicionário Prático de Inglês,EQUIPE DCL,"R$ 9,90",
Minidicionário Prático Língua Portuguesa com Divisão Silábica,EQUIPE DCL,"R$ 9,90","R$ 4,95"
Minimanual de Gramática,KAROLINA LOPES,"R$ 19,90","R$ 9,95"
Moby Dick,HERMAN MELVILLE ADAPTADO POR FERNANDO NUNO,"R$ 36,00","R$ 18,00"
Morra Por Mim,AMY PLUM,"R$ 41,00","R$ 20,50"
Mundo a Nossa Volta - Água,TREVOR DAY E DR. JON WOODCOCK,"R$ 49,90","R$ 24,95"
My First Pictionary Disney (Meu Primeiro Dicionário de Inglês),DISNEY,"R$ 24,90","R$ 12,45"
Nada Melhor que um Beijo,CARMEM MARTINS,"R$ 21,00","R$ 10,50"
Naninquiá - A Moça Bonita,ROGERIO ANDRADE BARBOSA E CIÇA FITTIPALDI,"R$ 33,00","R$ 16,50"
Noite na Taverna,ÁLVARES DE AZEVEDO ADAPTADO POR CARLOS PATATI,"R$ 39,00","R$ 19,50"
Nosso Ambiente - Alimentos Transgênicos,JEN GREEN,"R$ 28,00","R$ 14,00"
Nosso Ambiente - Poluição,CINDY LEANEY,"R$ 28,00","R$ 14,00"
Nosso Ambiente - Reciclagem,JEN GREEN,"R$ 28,00","R$ 14,00"
Novo Audiocurso de Espanhol,EQUIPE DCL,"R$ 69,90","R$ 34,95"
Novo Dicionário Ilustrado de Inglês,EQUIPE DCL,"R$ 159,90","R$ 79,95"
Num Marte Pequenininho,GLAUCIA DE SOUZA,"R$ 31,00","R$ 15,50"
O Aluá do Macaco e Outras Macaquices,SILVANA SALERNO,"R$ 25,00","R$ 12,50"
"O Amor de Maria, a Bonita",LUCIANA SAVAGET,"R$ 28,00","R$ 14,00"
O Amor de Virgulino - O Lampião,LUCIANA SAVAGET,"R$ 28,00","R$ 14,00"
O Amor é Demais!,HANNAH SARVAG,"R$ 21,00","R$ 10,50"
O Armário do João-de-barro,CHRISTINA DIAS,"R$ 32,00","R$ 16,00"
O Bobo - Texto Integral com Comentários,ALEXANDRE HERCULANO,"R$ 16,90","R$ 8,45"
O Bom-crioulo - Texto Integral com Comentários,ADOLFO CAMINHA,"R$ 16,90","R$ 8,45"
O Cortiço - Texto Integral com Comentários,ALUÍSIO AZEVEDO,"R$ 16,90","R$ 8,45"
O Curumim,INGRID BIESEMEYER BELLINGHAUSEN,"R$ 31,00","R$ 15,50"
O Espelho Olmeca,TIAGO DE MELO ANDRADE,"R$ 23,00","R$ 11,50"
O Ex-Mágico da Taberna Minhota,MURILO RUBIAO,"R$ 35,00","R$ 17,50"
O Ex-mágico da Taberna Minhota,MURILO RUBIAO,"R$ 42,00","R$ 21,00"
O Filho do Vento,ROGERIO ANDRADE BARBOSA,"R$ 33,00","R$ 16,50"
O Galo Cantou por Engano,GLORIA KIRINUS,"R$ 30,00","R$ 15,00"
O Guarda Chuva do Vovô,CAROLINA MOREYRA,"R$ 39,00","R$ 19,50"
O Herdeiro Encantador,CINDA WILLIAMS CHIMA,"R$ 36,90","R$ 18,45"
O Herdeiro Mago,CINDA WILLIAMS CHIMA,"R$ 52,00","R$ 26,00"
O Livro das Cobras,STELA BARBIERI E FERNANDO VILLELA,"R$ 34,00","R$ 17,00"
O Livro dos Desejos,TIAGO DE MELO ANDRADE,"R$ 14,00","R$ 7,00"
O Maior Heroi do Mundo,KATIA CANTON,"R$ 35,00","R$ 17,50"
O Mar de Angela,SONIA ROSA,"R$ 24,90","R$ 12,45"
O Matuto do Fim do Mundo,TIAGO DE MELO ANDRADE,"R$ 15,00","R$ 7,50"
O Menino Que Brincava de Ser,GEORGINA MARTINS,"R$ 28,00","R$ 14,00"
O Mercador de Veneza,WILLIAM SHAKESPEARE,"R$ 28,00","R$ 14,00"
O Mistério da Terceira Meia,ROSANA RIOS,"R$ 34,00","R$ 17,00"
O Monstro Monstruoso da Caverna Cavernosa,ROSANA RIOS,"R$ 31,00","R$ 15,50"
O Mundinho,INGRID BIESEMEYER BELLINGHAUSEN,"R$ 28,00","R$ 14,00"
O Mundinho - Datas Comemorativas,INGRID BIESEMEYER BELLINGHAUSEN,"R$ 99,00","R$ 49,50"
O Mundinho - Trabalhando Valores,INGRID BIESEMEYER BELLINGHAUSEN,"R$ 119,00","R$ 59,50"
O Mundinho Azul,INGRID BIESEMEYER BELLINGHAUSEN,"R$ 31,00","R$ 15,50"
O Mundinho de Boas Atitudes,INGRID BIESEMEYER BELLINGHAUSEN,"R$ 28,00","R$ 14,00"
O Mundinho e os Bichinhos de Jardim,INGRID BIESEMEYER BELLINGHAUSEN,"R$ 28,00","R$ 14,00"
O Mundinho sem Bullying,INGRID BIESEMEYER BELLINGHAUSEN,"R$ 28,00","R$ 14,00"
O Nome em Seu Pulso,HELEN HIORNS,"R$ 39,00","R$ 19,50"
O Patinho Feio,INGRID BIESEMEYER BELLINGHAUSEN,"R$ 28,00","R$ 14,00"
O Príncipe e o Mendigo,MARK TWAIN,"R$ 42,00","R$ 21,00"
O Príncipe e o Mico-leão-dourado,KATIA CANTON,"R$ 30,00","R$ 15,00"
O Príncipe Triste,RUI DE OLIVEIRA / LILIA MORITZ SCHWARCZ,"R$ 34,00","R$ 17,00"
O Processo - Texto Integral com Comentários,FRANZ KAFKA,"R$ 16,90","R$ 8,45"
O Que Cabe no Bolso?,ROSEANA MURRAY,"R$ 21,00","R$ 10,50"
O Que Começa Com,INGRID BIESEMEYER BELLINGHAUSEN,"R$ 28,00","R$ 14,00"
O que é qualidade em literatura infantil e juvenil? Com a palavra o educador,IEDA DE OLIVEIRA,"R$ 45,00","R$ 22,50"
O que é qualidade em literatura infantil e juvenil? Com a palavra o escritor,IEDA DE OLIVEIRA,"R$ 39,00","R$ 19,50"
O que é qualidade em literatura infantil e juvenil? Com a palavra o ilustrador,IEDA DE OLIVEIRA,"R$ 45,00","R$ 22,50"
O Rouxinol em Cordel,"HANS CHRISTIAN ANDERSEN, JOÃO BOSCO BEZERRA BONFIM","R$ 33,00","R$ 16,50"
O Segredo da Montanha,LUCIA TULCHINSKI E ROSANA RIOS,"R$ 31,00","R$ 15,50"
O Segredo das Minas de Prata,SILVANA SALERNO,"R$ 36,00","R$ 18,00"
O Sonho da Princesa,KATIA CANTON,"R$ 28,00","R$ 14,00"
O Sonho que Brotou,RENATO MORICONI,"R$ 50,00","R$ 25,00"
O Trânsito no Mundinho,INGRID BIESEMEYER BELLINGHAUSEN,"R$ 28,00","R$ 14,00"
O Velho da Horta e Auto da Barca Do Inferno - Texto Integral com Comentários,GIL VICENTE,"R$ 16,90","R$ 8,45"
O Vento,RUI DE OLIVEIRA,"R$ 26,00","R$ 13,00"
O Zelador de Sonhos,REGINA GULLA,"R$ 28,00","R$ 14,00"
Olhos de Lobo,ROSANA RIOS,"R$ 37,00","R$ 18,50"
Olhos Vendados,LUIS DILL,"R$ 25,00","R$ 12,50"
Operação Buraco de Minhoca,LAURA BERGALLO,"R$ 28,00","R$ 14,00"
Opostos - Meus Primeiros Passos (cartonado),INGRID BIESEMEYER BELLINGHAUSEN,"R$ 19,90","R$ 9,95"
Os Animais do Mundinho,INGRID BIESEMEYER BELLINGHAUSEN,"R$ 28,00","R$ 14,00"
Os Gêmeos do Tambor,ROGERIO ANDRADE BARBOSA,"R$ 31,00","R$ 15,50"
Os Opostos do Mundinho,INGRID BIESEMEYER BELLINGHAUSEN,"R$ 16,90","R$ 8,45"
Os Opostos do Mundinho - Meus Primeiros Mundinhos (cartonado),INGRID BIESEMEYER BELLINGHAUSEN,"R$ 19,90","R$ 9,95"
Os Sons do Mundinho - 2a Edição,INGRID BEISEMEYER BELLINGHAUSEN,"R$ 28,00","R$ 14,00"
Os Três Mosqueteiros,SILVANA SALERNO,"R$ 45,00","R$ 22,50"
Os Três Porquinhos,INGRID BIESEMEYER BELLINGHAUSEN,"R$ 28,00","R$ 14,00"
Oswaaaaaldo!,FERNANDO A. PIRES,"R$ 29,00","R$ 14,50"
Paisagens Brasileiras,FATIMA MIGUEZ MARTIS,"R$ 34,00",
Papai é Quase um Herói,ALINE ABREU,"R$ 23,00","R$ 11,50"
"Paty, a Princesas - Com Capa Para Tocar & Sentir",EQUIPE DCL,"R$ 12,90","R$ 6,45"
"Pedro, o Pirata - Com Capa Para Tocar & Sentir",EQUIPE DCL,"R$ 12,90","R$ 6,45"
Pena de Ganso,NILMA GONÇALVES LACERDA,"R$ 37,00","R$ 18,50"
Pererêêê Pororóóó,LENICE GOMES,"R$ 28,00","R$ 14,00"
Personagens Encantados 01,INGRID BIESEMEYER BELLINGHAUSEN,"R$ 28,00","R$ 14,00"
Personagens Encantados 02,INGRID BIESEMEYER BELLINGHAUSEN,"R$ 28,00","R$ 14,00"
Perto dos Olhos Perto do Coração,FATIMA MIGUEZ MARTIS,"R$ 28,00","R$ 14,00"
Pinóquio - Histórias do Mundo em Cordéis,MANOEL MONTEIRO DA SILVA,"R$ 34,00","R$ 17,00"
Pintura Aventura,KATIA CANTON,"R$ 33,00","R$ 16,50"
"Pipoca, um Carneirinho e um Tambor",GRAZIELA HETZEL,"R$ 29,00","R$ 14,50"
Poemas Completos de Alberto Caieiro - Texto Integral com Comentários,FERNANDO PESSOA,"R$ 16,90","R$ 8,45"
Por Que... Não Posso Ter Tudo Que Quero?,ALINA PERLMAN,"R$ 15,00","R$ 7,50"
Primeiras Cores - Meus Primeiros Passos (cartonado),GABRIELA GIL,"R$ 19,90","R$ 9,95"
Primeiras Palavras - Meus Primeiros Passos (cartonado),RICARDO J.  SOUZA,"R$ 19,90","R$ 9,95"
Primeiros Números - Meus Primeiros Passos (cartonado),EQUIPE DCL,"R$ 19,90","R$ 9,95"
Qual é O Bicho? - Meus Primeiros Passos (cartonado),GABRIELA GIL,"R$ 19,90","R$ 9,95"
"Qual É, Qual É? Gincana na Escola",ANNA CLAUDIA RAMOS E ANIELIZABETH,"R$ 35,00","R$ 17,50"
"Quando o Sabiá Canta, Nossos Males Espanta",FATIMA MIGUEZ MARTINS,"R$ 28,00","R$ 14,00"
Que Faz a Lua À Noite?,ANNE HERBAUTS,"R$ 45,00","R$ 22,50"
"Quem É, Quem É? Festa À Fantasia",ANNA CLAUDIA RAMOS E ANIELIZABETH,"R$ 39,00","R$ 19,50"
Quem Foi? - Charles Darwin,DEBORAH HOPKINSON,"R$ 21,00","R$ 10,50"
Quem Foi? - Leornardo Da Vinci,ROBERTA EDWARDS,"R$ 21,00","R$ 10,50"
Quem Foi?- Albert Einstein,JESS BRALLIER,"R$ 21,00","R$ 10,50"
Quem Não Arrisca Não Petisca,FATIMA MIGUEZ MARTIS,"R$ 28,00","R$ 14,00"
Quem Quer Dar uma Mãozinha?,SANDRA LOPES E ALEXANDRE RAMPAZO,"R$ 29,00","R$ 14,50"
Quem Vê Cara Nâo Vê Coração,FATIMA MIGUEZ MARTIS,"R$ 33,00","R$ 16,50"
Quincas Borba - Texto Integral com Comentários,MACHADO DE ASSIS,"R$ 16,90","R$ 8,45"
Raio de Sol,INGRID BIESEMEYER BELLINGHAUSEN,"R$ 28,00","R$ 14,00"
Reciclando com os Coelhinhos,INGRID BIESEMEYER BELLINGHAUSEN,"R$ 28,00","R$ 14,00"
Recordações do Escrivão Isaías Caminha - Texto Integral com Comentários,LIMA BARRETO,"R$ 16,90","R$ 8,45"
Redação Prática,EQUIPE DCL,"R$ 18,90","R$ 9,45"
Reiniciados,TERI TERRY,"R$ 41,00","R$ 20,50"
Reis e Planetas,INGRID BIESEMEYER BELLINGHAUSEN,"R$ 28,00","R$ 14,00"
Rhaimischimbilim - O Mistério da Família Sales,IEDA DE OLIVEIRA,"R$ 18,00","R$ 9,00"
Robinson Crusoé,DANIEL DEFOE ADAPTADO POR FERNANDO NUNO,"R$ 34,00","R$ 17,00"
Robinson Crusoé - Compacto,DANIEL DEFOE ADAPTADO POR FERNANDO NUNO,"R$ 23,00","R$ 11,50"
Rock Curupira,TIAGO DE MELO ANDRADE,"R$ 28,00","R$ 14,00"
Sangue de Lobo,ROSANA RIOS E HELENA GOMES,"R$ 52,00","R$ 26,00"
Sapo Comilão,STELA BARBIERI E FERNANDO VILELA,"R$ 33,00","R$ 16,50"
Se Eu Morrer,AMY PLUM,"R$ 41,00","R$ 20,50"
Se Você Está Contente - Minhas Primeiras Cantigas,EQUIPE DCL,"R$ 12,90","R$ 6,45"
Sebastiana e Severina,ANDRÉ NEVES,"R$ 34,00","R$ 17,00"
Show de Mágicas,EQUIPE DCL,"R$ 49,90","R$ 24,95"
Sinto Cheiro de Pão Quente,ALINA PERLMAN,"R$ 23,00","R$ 11,50"
Sol e Lua,NELSON DE OLIVEIRA E TEODORO ADORNO,"R$ 25,00","R$ 12,50"
Spanimal,ALINA PERLMAN,"R$ 17,00","R$ 8,50"
Super Color Pack - Brincando no Espaço,EQUIPE DCL,"R$ 24,90","R$ 12,45"
Super Color Pack - Coisas Fofas,EQUIPE DCL,"R$ 24,90","R$ 12,45"
Super Color Pack - Dinossauros Incríveis,EQUIPE DCL,"R$ 24,90","R$ 12,45"
Super Color Pack - Dragões Mágicos,EQUIPE DCL,"R$ 24,90","R$ 12,45"
Super Color Pack - Robôs,EQUIPE DCL,"R$ 24,90","R$ 12,45"
Super Color Pack - Sereias,EQUIPE DCL,"R$ 24,90","R$ 12,45"
Super Color Pack - Unicórnios Mágicos,EQUIPE DCL,"R$ 24,90","R$ 12,45"
Supernerd - A Saga Dantesca,LAURA BERGALLO,"R$ 33,00","R$ 16,50"
Tantos Cantos,LÚCIA HIRATSUKA,"R$ 28,00","R$ 14,00"
Tentação,ADOLFO CAMINHA,"R$ 16,90","R$ 8,45"
Todos os Amores,GEORGINA MARTINS,"R$ 24,00","R$ 12,00"
Triste Fim de Policarmo Quaresma - Texto Integral com Comentários,LIMA BARRETO,"R$ 16,90","R$ 8,45"
Tubo - Carros 3,DISNEY,"R$ 24,90","R$ 12,45"
Tubo - Frozen,DISNEY,"R$ 24,90","R$ 12,45"
Tubo - Mickey Mouse Aventuras Sobre Rodas,DISNEY,"R$ 24,90","R$ 12,45"
Tubo - Minnie Mouse,DISNEY,"R$ 24,90","R$ 12,45"
Tubo - Moana,DISNEY,"R$ 24,90","R$ 12,45"
Tubo - Os Incríveis 2,DISNEY,"R$ 24,90","R$ 12,45"
Tubo - Princesas,DISNEY,"R$ 24,90","R$ 12,45"
Tubo - Toy Story 4,DISNEY,"R$ 24,90","R$ 12,45"
Tudo Sobre... Corpo Humano - A Máquina Da Vida,GRÁCIA HELENA ANACLETO,"R$ 33,00","R$ 16,50"
Tudo Sobre... Dinossauros - Misteriosos Habitantes da Terra,ANA PAULA CORRADINI,"R$ 33,00","R$ 16,50"
Tudo Sobre... Fundo Do Mar - Aventuras Submarinas,GRÁCIA HELENA ANACLETO,"R$ 33,00","R$ 16,50"
Tudo Sobre... Invenções - Criações que Mudaram a História,ANA PAULA CORRADINI,"R$ 33,00","R$ 16,50"
Tudo Sobre... Terra - Nosso Planeta Azul,ANA PAULA CORRADINI,"R$ 33,00","R$ 16,50"
Tudo Sobre... Universo - Uma Viagem ao Espaço,ANA PAULA CORRADINI,"R$ 33,00","R$ 16,50"
Um Apólogo Machado de Assis,MACHADO DE ASSIS,"R$ 34,00","R$ 17,00"
"Um Barco, Um Avião, Uma Bolha de Sabão",SANDRA PINA,"R$ 28,00","R$ 14,00"
Um Gato Marinheiro,ROSEANA MURRAY E ELISABETH TEIXEIRA,"R$ 24,00","R$ 12,00"
Um Mundinho de Paz,INGRID BIESEMEYER BELLINGHAUSEN,"R$ 28,00","R$ 14,00"
Um Mundinho Para Todos,INGRID BIESEMEYER BELLINGHAUSEN,"R$ 37,00","R$ 18,50"
Um Teto de Céu,NINFA DE FREITAS PARREIRAS,"R$ 27,00","R$ 13,50"
Umas Férias,MACHADO DE ASSIS,"R$ 28,00","R$ 14,00"
Valores Para Conviver Bem no Mundinho,INGRID BIESEMEYER BELLINGHAUSEN,"R$ 28,00",
Vamos Abraçar o Mundinho,INGRID BIESEMEYER BELLINGHAUSEN,"R$ 28,00","R$ 14,00"
Vamos Colorir - Coisas Fofas,EQUIPE DCL,"R$ 9,90","R$ 4,95"
Vamos Colorir - Dinossauros,EQUIPE DCL,"R$ 9,90","R$ 4,95"
Vamos Colorir - Mundo de Aventuras,EQUIPE DCL,"R$ 9,90","R$ 4,95"
Vamos Colorir - Unicórnios,EQUIPE DCL,"R$ 9,90","R$ 4,95"
Vamos Navegar na Poesia?,ADRIANA FOZ VELOSO,"R$ 23,00","R$ 11,50"
Viagem ao Centro da Terra,JULIO VERNE ADAPTADO POR FERNANDO NUNO,"R$ 44,00","R$ 22,00"
Viagens de Gulliver,JONATHAN SWIFT ADAPTADO POR FERNANDO NUNO,"R$ 36,00","R$ 18,00"
Vida na Cidade,MONICA JAKIEVICIUS,"R$ 29,00","R$ 14,50"
Vida na Floresta,MONICA JAKIEVICIUS,"R$ 29,00","R$ 14,50"
Vida no Campo,MONICA JAKIEVICIUS,"R$ 29,00","R$ 14,50"
Vida no Jardim,MONICA JAKIEVICIUS,"R$ 29,00","R$ 14,50"
Vida no Mar,MONICA JAKIEVICIUS,"R$ 29,00","R$ 14,50"
Vida nos Rios,MONICA JAKIEVICIUS,"R$ 29,00","R$ 14,50"
Violeta,MARCIA CRISTINA SILVA,"R$ 25,00","R$ 12,50"
Zagaia,ALLAN SANTOS DA ROSA,"R$ 31,00","R$ 15,50"
