Skull,,,
Título,Autor,Preço de Capa,Preço com Desconto
A Casa,Murillo Pocci,"47,88","23,94"
A Casa Amarela,Bruna Lazari,"49,90","24,95"
A Casa de Penhores,David A. L. Machado,"43,80","21,90"
A Cavaleira de Prata,Diego F.,"59,90","29,95"
A Fraternidade,Fernando luiz,"59,88","29,94"
A História da garota que o desafiou,Andressa Flores Miranda,"42,00","21,00"
Amor e Ódio no Purgatório,Roberto Albuquerque dos Santos,"47,88","23,94"
Ana Lis e o devorador de mundos,Rodrigo Sakamoto,"59,90","29,95"
Antes de nossas aventuras,Charles Hammerton,"47,88","23,94"
Ao Fim do Sol,Gabi A. Rossi,"49,90","24,95"
Arquivos Insanos,Organização: Editora Skull,"35,00","17,50"
As Sombras de Arkron,Diego Canuto,"47,88","23,94"
Audácia & Bravura,Tuka Vilhena,"44,50","22,25"
"Batida Salve Todos: Corra, esconda-se, reze.",Rafael R. Souza & Rodrigo Amancio,"47,88","23,94"
Bright,Maria C. Reis,"69,90","34,95"
Caixa de Espelhos,James R. Ford,"49,90","24,95"
Can Yaman: Nós te amamos,Floriana Rullo; Tradutor: Rafael Belincanta,"49,90","24,95"
Cerberus - Entre Cobras e Ursos - Livro 1,Leonardo Monte,"49,90","24,95"
Como uma respiração,"Ferzan Ozpetek, tradutor: Rafael Belincanta","47,88","23,94"
Criador de Estrelas,Olaf Stapledon; tradutor; Ronaldo Paiva,"69,90","34,95"
Descontrole interno,L. D. Souza,"37,80","18,90"
Entrelinhas retintas,Larissa Ferreira,"35,88","17,94"
Estigmatizadas,Luiza Stradiotto,"37,80","18,90"
Halodomira,Carvalho Marques,"49,90","24,95"
Herdeiro Divino,Felipe Lee,"59,88","29,94"
Hesdras - E a Chave Quântica do Amanhã,Rodrigo C. Ciarlini,"49,90","24,95"
Honra ou Tração,Tuka Vilhena,"51,00","25,50"
Horror Show,vários,"59,88","29,94"
Insônia,Marcos Bonilha,"38,50","19,25"
Lágrimas de Porcelana,Erick Salieri,"69,90","34,95"
Libélula Azul,Renekah H. Lindisey,"47,88","23,94"
Meia noite & Conexões Mortais - Edição vira-vira,Daniel Henrique,"49,90","24,95"
Mundo de Cores,Leticia Campos,"39,90","19,95"
O Conselho Feérico,"Editora Skull, Rozz Messias , Rebekah H Lindsey, C. B. Alves, Geisa de","acedo Arrud4a7, 8C8h","is Sevla, Gisele Pere2ir3a,9 M4"
O Homem Intangível,Rossano Segabinazzi,"47,88","23,94"
O incendiário,R. J. Mendes,"47,88","23,94"
O Inferno é aqui,Ariel Oliveira Guimarães,"44,00","22,00"
O Pecado da Coruja,San Rodco,"42,00","21,00"
O Porão: Lar das Vozes - Livro 1,Anderson Duartte,"47,88","23,94"
O Reliquista das Clareiras - Pindorama - Livro 3,Guilherme Viana,"49,90","24,95"
O Segredo do Rio Amazonas - Pindorama - Livro 2,Guilherme Viana,"47,88","23,94"
O Tratado dos pés descalços - Pindorama - Livro 1,Guilherme Viana,"42,00","21,00"
Olhos Secos,Murillo Pocci,"35,00","17,50"
Onde está Lucia?,C. B. Alves,"42,00","21,00"
Ordem dos Venatores,Gabriel Cordeiro,"42,00","21,00"
Os garotos do Laboratório,Jonathan Chagas,"37,80","18,90"
Os Silenciados,J. R. Ramos,"47,88","23,94"
Pequeno Lírio,Lidia Rayanne,"69,90","34,95"
Poucas Léguas,Sávio Batista,"42,00","21,00"
Projeto 1,J Berwig,"47,88","23,94"
Protetores,Junior Almeida,"43,80","21,90"
Quarentena - Contos Isolados,Maurizio Ruzzi,"39,90","19,95"
Quem é Lilith?,C. B. Alves,"38,50","19,25"
Recomeçar,Fernando Luiz,"47,88","23,94"
Reflexo Distorcido,Fernando Luiz,"59,90","29,95"
Romance em San Marino - livro 1,Lidia Rayanne,"69,90","34,95"
Romance em San Marino - livro 2,Lidia Rayanne,"69,90","34,95"
S. O. S - A invasão,Witany Mirilson,"47,88","23,94"
"Sonho, Amor & Esperança",Rhuan Tormen,"35,88","17,94"
Sou Seu,Gabriel Cordeiro,"47,88","23,94"
Uma Donzela na senzala,Vidania Macossa,"42,00","21,00"
Uma estranha coincidência,J. M. Gugelmin,"42,00","21,00"
Vazio da Forma,Andrew Oliveira,"47,88","23,94"
Versos de Uma Mente Inquieta,OOutroVinicius,"35,88","17,94"
Vidas efêmeras,Luiz. G. O. Cunha,"59,88","29,94"
Virtual-Mente,Pretho Souza,"35,00","17,50"
Você é Minha Vida,Ferzan Ozpetek,"47,88","23,94"
